Os 8845;Beroun_kolej_C;Lhota_kolej_C;0:00:00;0,7;ahead;1500
R 764;Karlstejn_kolej_A;Beroun_kolej_A;0:01:00;0,8;ahead;9000
N 31 54 597 5 004;Beroun_kolej_B;Karlstejn_kolej_B;0:02:00;0,7;reverse;3100
Os 8845;Lhota_kolej_C;Beroun_kolej_C;0:03:00;0,7;ahead;8200
N 31 54 597 5 004;Karlstejn_kolej_B;Beroun_kolej_B;0:04:00;0,8;ahead;8000
R 764;Beroun_kolej_A;Karlstejn_kolej_A;0:05:00;0,7;ahead;3000
Os 8845;Beroun_kolej_C;Lhota_kolej_C;0:06:00;0,7;ahead;1500
R 764;Karlstejn_kolej_A;Beroun_kolej_A;0:07:00;0,8;ahead;9000
N 31 54 597 5 004;Beroun_kolej_B;Karlstejn_kolej_B;0:08:00;0,7;reverse;3100
Os 8845;Lhota_kolej_C;Beroun_kolej_C;0:09:00;0,7;ahead;8200
N 31 54 597 5 004;Karlstejn_kolej_B;Beroun_kolej_B;0:10:00;0,8;ahead;8000
R 764;Beroun_kolej_A;Karlstejn_kolej_A;0:11:00;0,7;ahead;3000
Os 8845;Beroun_kolej_C;Lhota_kolej_C;0:12:00;0,7;ahead;1500
R 764;Karlstejn_kolej_A;Beroun_kolej_A;0:13:00;0,8;ahead;9000
N 31 54 597 5 004;Beroun_kolej_B;Karlstejn_kolej_B;0:14:00;0,7;reverse;3100
Os 8845;Lhota_kolej_C;Beroun_kolej_C;0:15:00;0,7;ahead;8200
N 31 54 597 5 004;Karlstejn_kolej_B;Beroun_kolej_B;0:16:00;0,8;ahead;8000
R 764;Beroun_kolej_A;Karlstejn_kolej_A;0:17:00;0,7;ahead;3000
Os 8845;Beroun_kolej_C;Lhota_kolej_C;0:18:00;0,7;ahead;1500
R 764;Karlstejn_kolej_A;Beroun_kolej_A;0:19:00;0,8;ahead;9000
N 31 54 597 5 004;Beroun_kolej_B;Karlstejn_kolej_B;0:20:00;0,7;reverse;3100
Os 8845;Lhota_kolej_C;Beroun_kolej_C;0:21:00;0,7;ahead;8200
N 31 54 597 5 004;Karlstejn_kolej_B;Beroun_kolej_B;0:22:00;0,8;ahead;8000
R 764;Beroun_kolej_A;Karlstejn_kolej_A;0:23:00;0,7;ahead;3000
Os 8845;Beroun_kolej_C;Lhota_kolej_C;0:24:00;0,7;ahead;1500
R 764;Karlstejn_kolej_A;Beroun_kolej_A;0:25:00;0,8;ahead;9000
N 31 54 597 5 004;Beroun_kolej_B;Karlstejn_kolej_B;0:26:00;0,7;reverse;3100
Os 8845;Lhota_kolej_C;Beroun_kolej_C;0:27:00;0,7;ahead;8200
N 31 54 597 5 004;Karlstejn_kolej_B;Beroun_kolej_B;0:28:00;0,8;ahead;8000
R 764;Beroun_kolej_A;Karlstejn_kolej_A;0:29:00;0,7;ahead;3000
Os 8845;Beroun_kolej_C;Lhota_kolej_C;0:30:00;0,7;ahead;1500
R 764;Karlstejn_kolej_A;Beroun_kolej_A;0:31:00;0,8;ahead;9000
N 31 54 597 5 004;Beroun_kolej_B;Karlstejn_kolej_B;0:32:00;0,7;reverse;3100
Os 8845;Lhota_kolej_C;Beroun_kolej_C;0:33:00;0,7;ahead;8200
N 31 54 597 5 004;Karlstejn_kolej_B;Beroun_kolej_B;0:34:00;0,8;ahead;8000
R 764;Beroun_kolej_A;Karlstejn_kolej_A;0:35:00;0,7;ahead;3000
Os 8845;Beroun_kolej_C;Lhota_kolej_C;0:36:00;0,7;ahead;1500
R 764;Karlstejn_kolej_A;Beroun_kolej_A;0:37:00;0,8;ahead;9000
N 31 54 597 5 004;Beroun_kolej_B;Karlstejn_kolej_B;0:38:00;0,7;reverse;3100
Os 8845;Lhota_kolej_C;Beroun_kolej_C;0:39:00;0,7;ahead;8200
N 31 54 597 5 004;Karlstejn_kolej_B;Beroun_kolej_B;0:40:00;0,8;ahead;8000
R 764;Beroun_kolej_A;Karlstejn_kolej_A;0:41:00;0,7;ahead;3000
Os 8845;Beroun_kolej_C;Lhota_kolej_C;0:42:00;0,7;ahead;1500
R 764;Karlstejn_kolej_A;Beroun_kolej_A;0:43:00;0,8;ahead;9000
N 31 54 597 5 004;Beroun_kolej_B;Karlstejn_kolej_B;0:44:00;0,7;reverse;3100
Os 8845;Lhota_kolej_C;Beroun_kolej_C;0:45:00;0,7;ahead;8200
N 31 54 597 5 004;Karlstejn_kolej_B;Beroun_kolej_B;0:46:00;0,8;ahead;8000
R 764;Beroun_kolej_A;Karlstejn_kolej_A;0:47:00;0,7;ahead;3000
Os 8845;Beroun_kolej_C;Lhota_kolej_C;0:48:00;0,7;ahead;1500
R 764;Karlstejn_kolej_A;Beroun_kolej_A;0:49:00;0,8;ahead;9000
N 31 54 597 5 004;Beroun_kolej_B;Karlstejn_kolej_B;0:50:00;0,7;reverse;3100
Os 8845;Lhota_kolej_C;Beroun_kolej_C;0:51:00;0,7;ahead;8200
N 31 54 597 5 004;Karlstejn_kolej_B;Beroun_kolej_B;0:52:00;0,8;ahead;8000
R 764;Beroun_kolej_A;Karlstejn_kolej_A;0:53:00;0,7;ahead;3000
Os 8845;Beroun_kolej_C;Lhota_kolej_C;0:54:00;0,7;ahead;1500
R 764;Karlstejn_kolej_A;Beroun_kolej_A;0:55:00;0,8;ahead;9000
N 31 54 597 5 004;Beroun_kolej_B;Karlstejn_kolej_B;0:56:00;0,7;reverse;3100
Os 8845;Lhota_kolej_C;Beroun_kolej_C;0:57:00;0,7;ahead;8200
N 31 54 597 5 004;Karlstejn_kolej_B;Beroun_kolej_B;0:58:00;0,8;ahead;8000
R 764;Beroun_kolej_A;Karlstejn_kolej_A;0:59:00;0,7;ahead;3000
Os 8845;Beroun_kolej_C;Lhota_kolej_C;1:00:00;0,7;ahead;1500
R 764;Karlstejn_kolej_A;Beroun_kolej_A;1:01:00;0,8;ahead;9000
N 31 54 597 5 004;Beroun_kolej_B;Karlstejn_kolej_B;1:02:00;0,7;reverse;3100
Os 8845;Lhota_kolej_C;Beroun_kolej_C;1:03:00;0,7;ahead;8200
N 31 54 597 5 004;Karlstejn_kolej_B;Beroun_kolej_B;1:04:00;0,8;ahead;8000
R 764;Beroun_kolej_A;Karlstejn_kolej_A;1:05:00;0,7;ahead;3000
Os 8845;Beroun_kolej_C;Lhota_kolej_C;1:06:00;0,7;ahead;1500
R 764;Karlstejn_kolej_A;Beroun_kolej_A;1:07:00;0,8;ahead;9000
N 31 54 597 5 004;Beroun_kolej_B;Karlstejn_kolej_B;1:08:00;0,7;reverse;3100
Os 8845;Lhota_kolej_C;Beroun_kolej_C;1:09:00;0,7;ahead;8200
N 31 54 597 5 004;Karlstejn_kolej_B;Beroun_kolej_B;1:10:00;0,8;ahead;8000
R 764;Beroun_kolej_A;Karlstejn_kolej_A;1:11:00;0,7;ahead;3000
Os 8845;Beroun_kolej_C;Lhota_kolej_C;1:12:00;0,7;ahead;1500
R 764;Karlstejn_kolej_A;Beroun_kolej_A;1:13:00;0,8;ahead;9000
N 31 54 597 5 004;Beroun_kolej_B;Karlstejn_kolej_B;1:14:00;0,7;reverse;3100
Os 8845;Lhota_kolej_C;Beroun_kolej_C;1:15:00;0,7;ahead;8200
N 31 54 597 5 004;Karlstejn_kolej_B;Beroun_kolej_B;1:16:00;0,8;ahead;8000
R 764;Beroun_kolej_A;Karlstejn_kolej_A;1:17:00;0,7;ahead;3000
Os 8845;Beroun_kolej_C;Lhota_kolej_C;1:18:00;0,7;ahead;1500
R 764;Karlstejn_kolej_A;Beroun_kolej_A;1:19:00;0,8;ahead;9000
N 31 54 597 5 004;Beroun_kolej_B;Karlstejn_kolej_B;1:20:00;0,7;reverse;3100
Os 8845;Lhota_kolej_C;Beroun_kolej_C;1:21:00;0,7;ahead;8200
N 31 54 597 5 004;Karlstejn_kolej_B;Beroun_kolej_B;1:22:00;0,8;ahead;8000
R 764;Beroun_kolej_A;Karlstejn_kolej_A;1:23:00;0,7;ahead;3000
Os 8845;Beroun_kolej_C;Lhota_kolej_C;1:24:00;0,7;ahead;1500
R 764;Karlstejn_kolej_A;Beroun_kolej_A;1:25:00;0,8;ahead;9000
N 31 54 597 5 004;Beroun_kolej_B;Karlstejn_kolej_B;1:26:00;0,7;reverse;3100
Os 8845;Lhota_kolej_C;Beroun_kolej_C;1:27:00;0,7;ahead;8200
N 31 54 597 5 004;Karlstejn_kolej_B;Beroun_kolej_B;1:28:00;0,8;ahead;8000
R 764;Beroun_kolej_A;Karlstejn_kolej_A;1:29:00;0,7;ahead;3000
Os 8845;Beroun_kolej_C;Lhota_kolej_C;1:30:00;0,7;ahead;1500
R 764;Karlstejn_kolej_A;Beroun_kolej_A;1:31:00;0,8;ahead;9000
N 31 54 597 5 004;Beroun_kolej_B;Karlstejn_kolej_B;1:32:00;0,7;reverse;3100
Os 8845;Lhota_kolej_C;Beroun_kolej_C;1:33:00;0,7;ahead;8200
N 31 54 597 5 004;Karlstejn_kolej_B;Beroun_kolej_B;1:34:00;0,8;ahead;8000
R 764;Beroun_kolej_A;Karlstejn_kolej_A;1:35:00;0,7;ahead;3000
Os 8845;Beroun_kolej_C;Lhota_kolej_C;1:36:00;0,7;ahead;1500
R 764;Karlstejn_kolej_A;Beroun_kolej_A;1:37:00;0,8;ahead;9000
N 31 54 597 5 004;Beroun_kolej_B;Karlstejn_kolej_B;1:38:00;0,7;reverse;3100
Os 8845;Lhota_kolej_C;Beroun_kolej_C;1:39:00;0,7;ahead;8200
N 31 54 597 5 004;Karlstejn_kolej_B;Beroun_kolej_B;1:40:00;0,8;ahead;8000
R 764;Beroun_kolej_A;Karlstejn_kolej_A;1:41:00;0,7;ahead;3000
Os 8845;Beroun_kolej_C;Lhota_kolej_C;1:42:00;0,7;ahead;1500
R 764;Karlstejn_kolej_A;Beroun_kolej_A;1:43:00;0,8;ahead;9000
N 31 54 597 5 004;Beroun_kolej_B;Karlstejn_kolej_B;1:44:00;0,7;reverse;3100
Os 8845;Lhota_kolej_C;Beroun_kolej_C;1:45:00;0,7;ahead;8200
N 31 54 597 5 004;Karlstejn_kolej_B;Beroun_kolej_B;1:46:00;0,8;ahead;8000
R 764;Beroun_kolej_A;Karlstejn_kolej_A;1:47:00;0,7;ahead;3000
Os 8845;Beroun_kolej_C;Lhota_kolej_C;1:48:00;0,7;ahead;1500
R 764;Karlstejn_kolej_A;Beroun_kolej_A;1:49:00;0,8;ahead;9000
N 31 54 597 5 004;Beroun_kolej_B;Karlstejn_kolej_B;1:50:00;0,7;reverse;3100
Os 8845;Lhota_kolej_C;Beroun_kolej_C;1:51:00;0,7;ahead;8200
N 31 54 597 5 004;Karlstejn_kolej_B;Beroun_kolej_B;1:52:00;0,8;ahead;8000
R 764;Beroun_kolej_A;Karlstejn_kolej_A;1:53:00;0,7;ahead;3000
Os 8845;Beroun_kolej_C;Lhota_kolej_C;1:54:00;0,7;ahead;1500
R 764;Karlstejn_kolej_A;Beroun_kolej_A;1:55:00;0,8;ahead;9000
N 31 54 597 5 004;Beroun_kolej_B;Karlstejn_kolej_B;1:56:00;0,7;reverse;3100
Os 8845;Lhota_kolej_C;Beroun_kolej_C;1:57:00;0,7;ahead;8200
N 31 54 597 5 004;Karlstejn_kolej_B;Beroun_kolej_B;1:58:00;0,8;ahead;8000
R 764;Beroun_kolej_A;Karlstejn_kolej_A;1:59:00;0,7;ahead;3000
Os 8845;Beroun_kolej_C;Lhota_kolej_C;2:00:00;0,7;ahead;1500
R 764;Karlstejn_kolej_A;Beroun_kolej_A;2:01:00;0,8;ahead;9000
N 31 54 597 5 004;Beroun_kolej_B;Karlstejn_kolej_B;2:02:00;0,7;reverse;3100
Os 8845;Lhota_kolej_C;Beroun_kolej_C;2:03:00;0,7;ahead;8200
N 31 54 597 5 004;Karlstejn_kolej_B;Beroun_kolej_B;2:04:00;0,8;ahead;8000
R 764;Beroun_kolej_A;Karlstejn_kolej_A;2:05:00;0,7;ahead;3000
Os 8845;Beroun_kolej_C;Lhota_kolej_C;2:06:00;0,7;ahead;1500
R 764;Karlstejn_kolej_A;Beroun_kolej_A;2:07:00;0,8;ahead;9000
N 31 54 597 5 004;Beroun_kolej_B;Karlstejn_kolej_B;2:08:00;0,7;reverse;3100
Os 8845;Lhota_kolej_C;Beroun_kolej_C;2:09:00;0,7;ahead;8200
N 31 54 597 5 004;Karlstejn_kolej_B;Beroun_kolej_B;2:10:00;0,8;ahead;8000
R 764;Beroun_kolej_A;Karlstejn_kolej_A;2:11:00;0,7;ahead;3000
Os 8845;Beroun_kolej_C;Lhota_kolej_C;2:12:00;0,7;ahead;1500
R 764;Karlstejn_kolej_A;Beroun_kolej_A;2:13:00;0,8;ahead;9000
N 31 54 597 5 004;Beroun_kolej_B;Karlstejn_kolej_B;2:14:00;0,7;reverse;3100
Os 8845;Lhota_kolej_C;Beroun_kolej_C;2:15:00;0,7;ahead;8200
N 31 54 597 5 004;Karlstejn_kolej_B;Beroun_kolej_B;2:16:00;0,8;ahead;8000
R 764;Beroun_kolej_A;Karlstejn_kolej_A;2:17:00;0,7;ahead;3000
Os 8845;Beroun_kolej_C;Lhota_kolej_C;2:18:00;0,7;ahead;1500
R 764;Karlstejn_kolej_A;Beroun_kolej_A;2:19:00;0,8;ahead;9000
N 31 54 597 5 004;Beroun_kolej_B;Karlstejn_kolej_B;2:20:00;0,7;reverse;3100
Os 8845;Lhota_kolej_C;Beroun_kolej_C;2:21:00;0,7;ahead;8200
N 31 54 597 5 004;Karlstejn_kolej_B;Beroun_kolej_B;2:22:00;0,8;ahead;8000
R 764;Beroun_kolej_A;Karlstejn_kolej_A;2:23:00;0,7;ahead;3000
Os 8845;Beroun_kolej_C;Lhota_kolej_C;2:24:00;0,7;ahead;1500
R 764;Karlstejn_kolej_A;Beroun_kolej_A;2:25:00;0,8;ahead;9000
N 31 54 597 5 004;Beroun_kolej_B;Karlstejn_kolej_B;2:26:00;0,7;reverse;3100
Os 8845;Lhota_kolej_C;Beroun_kolej_C;2:27:00;0,7;ahead;8200
N 31 54 597 5 004;Karlstejn_kolej_B;Beroun_kolej_B;2:28:00;0,8;ahead;8000
R 764;Beroun_kolej_A;Karlstejn_kolej_A;2:29:00;0,7;ahead;3000
Os 8845;Beroun_kolej_C;Lhota_kolej_C;2:30:00;0,7;ahead;1500
R 764;Karlstejn_kolej_A;Beroun_kolej_A;2:31:00;0,8;ahead;9000
N 31 54 597 5 004;Beroun_kolej_B;Karlstejn_kolej_B;2:32:00;0,7;reverse;3100
Os 8845;Lhota_kolej_C;Beroun_kolej_C;2:33:00;0,7;ahead;8200
N 31 54 597 5 004;Karlstejn_kolej_B;Beroun_kolej_B;2:34:00;0,8;ahead;8000
R 764;Beroun_kolej_A;Karlstejn_kolej_A;2:35:00;0,7;ahead;3000
Os 8845;Beroun_kolej_C;Lhota_kolej_C;2:36:00;0,7;ahead;1500
R 764;Karlstejn_kolej_A;Beroun_kolej_A;2:37:00;0,8;ahead;9000
N 31 54 597 5 004;Beroun_kolej_B;Karlstejn_kolej_B;2:38:00;0,7;reverse;3100
Os 8845;Lhota_kolej_C;Beroun_kolej_C;2:39:00;0,7;ahead;8200
N 31 54 597 5 004;Karlstejn_kolej_B;Beroun_kolej_B;2:40:00;0,8;ahead;8000
R 764;Beroun_kolej_A;Karlstejn_kolej_A;2:41:00;0,7;ahead;3000
Os 8845;Beroun_kolej_C;Lhota_kolej_C;2:42:00;0,7;ahead;1500
R 764;Karlstejn_kolej_A;Beroun_kolej_A;2:43:00;0,8;ahead;9000
N 31 54 597 5 004;Beroun_kolej_B;Karlstejn_kolej_B;2:44:00;0,7;reverse;3100
Os 8845;Lhota_kolej_C;Beroun_kolej_C;2:45:00;0,7;ahead;8200
N 31 54 597 5 004;Karlstejn_kolej_B;Beroun_kolej_B;2:46:00;0,8;ahead;8000
R 764;Beroun_kolej_A;Karlstejn_kolej_A;2:47:00;0,7;ahead;3000
Os 8845;Beroun_kolej_C;Lhota_kolej_C;2:48:00;0,7;ahead;1500
R 764;Karlstejn_kolej_A;Beroun_kolej_A;2:49:00;0,8;ahead;9000
N 31 54 597 5 004;Beroun_kolej_B;Karlstejn_kolej_B;2:50:00;0,7;reverse;3100
Os 8845;Lhota_kolej_C;Beroun_kolej_C;2:51:00;0,7;ahead;8200
N 31 54 597 5 004;Karlstejn_kolej_B;Beroun_kolej_B;2:52:00;0,8;ahead;8000
R 764;Beroun_kolej_A;Karlstejn_kolej_A;2:53:00;0,7;ahead;3000
Os 8845;Beroun_kolej_C;Lhota_kolej_C;2:54:00;0,7;ahead;1500
R 764;Karlstejn_kolej_A;Beroun_kolej_A;2:55:00;0,8;ahead;9000
N 31 54 597 5 004;Beroun_kolej_B;Karlstejn_kolej_B;2:56:00;0,7;reverse;3100
Os 8845;Lhota_kolej_C;Beroun_kolej_C;2:57:00;0,7;ahead;8200
N 31 54 597 5 004;Karlstejn_kolej_B;Beroun_kolej_B;2:58:00;0,8;ahead;8000
R 764;Beroun_kolej_A;Karlstejn_kolej_A;2:59:00;0,7;ahead;3000
Os 8845;Beroun_kolej_C;Lhota_kolej_C;3:00:00;0,7;ahead;1500
R 764;Karlstejn_kolej_A;Beroun_kolej_A;3:01:00;0,8;ahead;9000
N 31 54 597 5 004;Beroun_kolej_B;Karlstejn_kolej_B;3:02:00;0,7;reverse;3100
Os 8845;Lhota_kolej_C;Beroun_kolej_C;3:03:00;0,7;ahead;8200
N 31 54 597 5 004;Karlstejn_kolej_B;Beroun_kolej_B;3:04:00;0,8;ahead;8000
R 764;Beroun_kolej_A;Karlstejn_kolej_A;3:05:00;0,7;ahead;3000
Os 8845;Beroun_kolej_C;Lhota_kolej_C;3:06:00;0,7;ahead;1500
R 764;Karlstejn_kolej_A;Beroun_kolej_A;3:07:00;0,8;ahead;9000
N 31 54 597 5 004;Beroun_kolej_B;Karlstejn_kolej_B;3:08:00;0,7;reverse;3100
Os 8845;Lhota_kolej_C;Beroun_kolej_C;3:09:00;0,7;ahead;8200
N 31 54 597 5 004;Karlstejn_kolej_B;Beroun_kolej_B;3:10:00;0,8;ahead;8000
R 764;Beroun_kolej_A;Karlstejn_kolej_A;3:11:00;0,7;ahead;3000
Os 8845;Beroun_kolej_C;Lhota_kolej_C;3:12:00;0,7;ahead;1500
R 764;Karlstejn_kolej_A;Beroun_kolej_A;3:13:00;0,8;ahead;9000
N 31 54 597 5 004;Beroun_kolej_B;Karlstejn_kolej_B;3:14:00;0,7;reverse;3100
Os 8845;Lhota_kolej_C;Beroun_kolej_C;3:15:00;0,7;ahead;8200
N 31 54 597 5 004;Karlstejn_kolej_B;Beroun_kolej_B;3:16:00;0,8;ahead;8000
R 764;Beroun_kolej_A;Karlstejn_kolej_A;3:17:00;0,7;ahead;3000
Os 8845;Beroun_kolej_C;Lhota_kolej_C;3:18:00;0,7;ahead;1500
R 764;Karlstejn_kolej_A;Beroun_kolej_A;3:19:00;0,8;ahead;9000
N 31 54 597 5 004;Beroun_kolej_B;Karlstejn_kolej_B;3:20:00;0,7;reverse;3100
Os 8845;Lhota_kolej_C;Beroun_kolej_C;3:21:00;0,7;ahead;8200
N 31 54 597 5 004;Karlstejn_kolej_B;Beroun_kolej_B;3:22:00;0,8;ahead;8000
R 764;Beroun_kolej_A;Karlstejn_kolej_A;3:23:00;0,7;ahead;3000
Os 8845;Beroun_kolej_C;Lhota_kolej_C;3:24:00;0,7;ahead;1500
R 764;Karlstejn_kolej_A;Beroun_kolej_A;3:25:00;0,8;ahead;9000
N 31 54 597 5 004;Beroun_kolej_B;Karlstejn_kolej_B;3:26:00;0,7;reverse;3100
Os 8845;Lhota_kolej_C;Beroun_kolej_C;3:27:00;0,7;ahead;8200
N 31 54 597 5 004;Karlstejn_kolej_B;Beroun_kolej_B;3:28:00;0,8;ahead;8000
R 764;Beroun_kolej_A;Karlstejn_kolej_A;3:29:00;0,7;ahead;3000
Os 8845;Beroun_kolej_C;Lhota_kolej_C;3:30:00;0,7;ahead;1500
R 764;Karlstejn_kolej_A;Beroun_kolej_A;3:31:00;0,8;ahead;9000
N 31 54 597 5 004;Beroun_kolej_B;Karlstejn_kolej_B;3:32:00;0,7;reverse;3100
Os 8845;Lhota_kolej_C;Beroun_kolej_C;3:33:00;0,7;ahead;8200
N 31 54 597 5 004;Karlstejn_kolej_B;Beroun_kolej_B;3:34:00;0,8;ahead;8000
R 764;Beroun_kolej_A;Karlstejn_kolej_A;3:35:00;0,7;ahead;3000
Os 8845;Beroun_kolej_C;Lhota_kolej_C;3:36:00;0,7;ahead;1500
R 764;Karlstejn_kolej_A;Beroun_kolej_A;3:37:00;0,8;ahead;9000
N 31 54 597 5 004;Beroun_kolej_B;Karlstejn_kolej_B;3:38:00;0,7;reverse;3100
Os 8845;Lhota_kolej_C;Beroun_kolej_C;3:39:00;0,7;ahead;8200
N 31 54 597 5 004;Karlstejn_kolej_B;Beroun_kolej_B;3:40:00;0,8;ahead;8000
R 764;Beroun_kolej_A;Karlstejn_kolej_A;3:41:00;0,7;ahead;3000
Os 8845;Beroun_kolej_C;Lhota_kolej_C;3:42:00;0,7;ahead;1500
R 764;Karlstejn_kolej_A;Beroun_kolej_A;3:43:00;0,8;ahead;9000
N 31 54 597 5 004;Beroun_kolej_B;Karlstejn_kolej_B;3:44:00;0,7;reverse;3100
Os 8845;Lhota_kolej_C;Beroun_kolej_C;3:45:00;0,7;ahead;8200
N 31 54 597 5 004;Karlstejn_kolej_B;Beroun_kolej_B;3:46:00;0,8;ahead;8000
R 764;Beroun_kolej_A;Karlstejn_kolej_A;3:47:00;0,7;ahead;3000
Os 8845;Beroun_kolej_C;Lhota_kolej_C;3:48:00;0,7;ahead;1500
R 764;Karlstejn_kolej_A;Beroun_kolej_A;3:49:00;0,8;ahead;9000
N 31 54 597 5 004;Beroun_kolej_B;Karlstejn_kolej_B;3:50:00;0,7;reverse;3100
Os 8845;Lhota_kolej_C;Beroun_kolej_C;3:51:00;0,7;ahead;8200
N 31 54 597 5 004;Karlstejn_kolej_B;Beroun_kolej_B;3:52:00;0,8;ahead;8000
R 764;Beroun_kolej_A;Karlstejn_kolej_A;3:53:00;0,7;ahead;3000
Os 8845;Beroun_kolej_C;Lhota_kolej_C;3:54:00;0,7;ahead;1500
R 764;Karlstejn_kolej_A;Beroun_kolej_A;3:55:00;0,8;ahead;9000
N 31 54 597 5 004;Beroun_kolej_B;Karlstejn_kolej_B;3:56:00;0,7;reverse;3100
Os 8845;Lhota_kolej_C;Beroun_kolej_C;3:57:00;0,7;ahead;8200
N 31 54 597 5 004;Karlstejn_kolej_B;Beroun_kolej_B;3:58:00;0,8;ahead;8000
R 764;Beroun_kolej_A;Karlstejn_kolej_A;3:59:00;0,7;ahead;3000
Os 8845;Beroun_kolej_C;Lhota_kolej_C;4:00:00;0,7;ahead;1500
R 764;Karlstejn_kolej_A;Beroun_kolej_A;4:01:00;0,8;ahead;9000
N 31 54 597 5 004;Beroun_kolej_B;Karlstejn_kolej_B;4:02:00;0,7;reverse;3100
Os 8845;Lhota_kolej_C;Beroun_kolej_C;4:03:00;0,7;ahead;8200
N 31 54 597 5 004;Karlstejn_kolej_B;Beroun_kolej_B;4:04:00;0,8;ahead;8000
R 764;Beroun_kolej_A;Karlstejn_kolej_A;4:05:00;0,7;ahead;3000
Os 8845;Beroun_kolej_C;Lhota_kolej_C;4:06:00;0,7;ahead;1500
R 764;Karlstejn_kolej_A;Beroun_kolej_A;4:07:00;0,8;ahead;9000
N 31 54 597 5 004;Beroun_kolej_B;Karlstejn_kolej_B;4:08:00;0,7;reverse;3100
Os 8845;Lhota_kolej_C;Beroun_kolej_C;4:09:00;0,7;ahead;8200
N 31 54 597 5 004;Karlstejn_kolej_B;Beroun_kolej_B;4:10:00;0,8;ahead;8000
R 764;Beroun_kolej_A;Karlstejn_kolej_A;4:11:00;0,7;ahead;3000
Os 8845;Beroun_kolej_C;Lhota_kolej_C;4:12:00;0,7;ahead;1500
R 764;Karlstejn_kolej_A;Beroun_kolej_A;4:13:00;0,8;ahead;9000
N 31 54 597 5 004;Beroun_kolej_B;Karlstejn_kolej_B;4:14:00;0,7;reverse;3100
Os 8845;Lhota_kolej_C;Beroun_kolej_C;4:15:00;0,7;ahead;8200
N 31 54 597 5 004;Karlstejn_kolej_B;Beroun_kolej_B;4:16:00;0,8;ahead;8000
R 764;Beroun_kolej_A;Karlstejn_kolej_A;4:17:00;0,7;ahead;3000
Os 8845;Beroun_kolej_C;Lhota_kolej_C;4:18:00;0,7;ahead;1500
R 764;Karlstejn_kolej_A;Beroun_kolej_A;4:19:00;0,8;ahead;9000
N 31 54 597 5 004;Beroun_kolej_B;Karlstejn_kolej_B;4:20:00;0,7;reverse;3100
Os 8845;Lhota_kolej_C;Beroun_kolej_C;4:21:00;0,7;ahead;8200
N 31 54 597 5 004;Karlstejn_kolej_B;Beroun_kolej_B;4:22:00;0,8;ahead;8000
R 764;Beroun_kolej_A;Karlstejn_kolej_A;4:23:00;0,7;ahead;3000
Os 8845;Beroun_kolej_C;Lhota_kolej_C;4:24:00;0,7;ahead;1500
R 764;Karlstejn_kolej_A;Beroun_kolej_A;4:25:00;0,8;ahead;9000
N 31 54 597 5 004;Beroun_kolej_B;Karlstejn_kolej_B;4:26:00;0,7;reverse;3100
Os 8845;Lhota_kolej_C;Beroun_kolej_C;4:27:00;0,7;ahead;8200
N 31 54 597 5 004;Karlstejn_kolej_B;Beroun_kolej_B;4:28:00;0,8;ahead;8000
R 764;Beroun_kolej_A;Karlstejn_kolej_A;4:29:00;0,7;ahead;3000
Os 8845;Beroun_kolej_C;Lhota_kolej_C;4:30:00;0,7;ahead;1500
R 764;Karlstejn_kolej_A;Beroun_kolej_A;4:31:00;0,8;ahead;9000
N 31 54 597 5 004;Beroun_kolej_B;Karlstejn_kolej_B;4:32:00;0,7;reverse;3100
Os 8845;Lhota_kolej_C;Beroun_kolej_C;4:33:00;0,7;ahead;8200
N 31 54 597 5 004;Karlstejn_kolej_B;Beroun_kolej_B;4:34:00;0,8;ahead;8000
R 764;Beroun_kolej_A;Karlstejn_kolej_A;4:35:00;0,7;ahead;3000
Os 8845;Beroun_kolej_C;Lhota_kolej_C;4:36:00;0,7;ahead;1500
R 764;Karlstejn_kolej_A;Beroun_kolej_A;4:37:00;0,8;ahead;9000
N 31 54 597 5 004;Beroun_kolej_B;Karlstejn_kolej_B;4:38:00;0,7;reverse;3100
Os 8845;Lhota_kolej_C;Beroun_kolej_C;4:39:00;0,7;ahead;8200
N 31 54 597 5 004;Karlstejn_kolej_B;Beroun_kolej_B;4:40:00;0,8;ahead;8000
R 764;Beroun_kolej_A;Karlstejn_kolej_A;4:41:00;0,7;ahead;3000
Os 8845;Beroun_kolej_C;Lhota_kolej_C;4:42:00;0,7;ahead;1500
R 764;Karlstejn_kolej_A;Beroun_kolej_A;4:43:00;0,8;ahead;9000
N 31 54 597 5 004;Beroun_kolej_B;Karlstejn_kolej_B;4:44:00;0,7;reverse;3100
Os 8845;Lhota_kolej_C;Beroun_kolej_C;4:45:00;0,7;ahead;8200
N 31 54 597 5 004;Karlstejn_kolej_B;Beroun_kolej_B;4:46:00;0,8;ahead;8000
R 764;Beroun_kolej_A;Karlstejn_kolej_A;4:47:00;0,7;ahead;3000
Os 8845;Beroun_kolej_C;Lhota_kolej_C;4:48:00;0,7;ahead;1500
R 764;Karlstejn_kolej_A;Beroun_kolej_A;4:49:00;0,8;ahead;9000
N 31 54 597 5 004;Beroun_kolej_B;Karlstejn_kolej_B;4:50:00;0,7;reverse;3100
Os 8845;Lhota_kolej_C;Beroun_kolej_C;4:51:00;0,7;ahead;8200
N 31 54 597 5 004;Karlstejn_kolej_B;Beroun_kolej_B;4:52:00;0,8;ahead;8000
R 764;Beroun_kolej_A;Karlstejn_kolej_A;4:53:00;0,7;ahead;3000
Os 8845;Beroun_kolej_C;Lhota_kolej_C;4:54:00;0,7;ahead;1500
R 764;Karlstejn_kolej_A;Beroun_kolej_A;4:55:00;0,8;ahead;9000
N 31 54 597 5 004;Beroun_kolej_B;Karlstejn_kolej_B;4:56:00;0,7;reverse;3100
Os 8845;Lhota_kolej_C;Beroun_kolej_C;4:57:00;0,7;ahead;8200
N 31 54 597 5 004;Karlstejn_kolej_B;Beroun_kolej_B;4:58:00;0,8;ahead;8000
R 764;Beroun_kolej_A;Karlstejn_kolej_A;4:59:00;0,7;ahead;3000
Os 8845;Beroun_kolej_C;Lhota_kolej_C;5:00:00;0,7;ahead;1500
R 764;Karlstejn_kolej_A;Beroun_kolej_A;5:01:00;0,8;ahead;9000
N 31 54 597 5 004;Beroun_kolej_B;Karlstejn_kolej_B;5:02:00;0,7;reverse;3100
Os 8845;Lhota_kolej_C;Beroun_kolej_C;5:03:00;0,7;ahead;8200
N 31 54 597 5 004;Karlstejn_kolej_B;Beroun_kolej_B;5:04:00;0,8;ahead;8000
R 764;Beroun_kolej_A;Karlstejn_kolej_A;5:05:00;0,7;ahead;3000
Os 8845;Beroun_kolej_C;Lhota_kolej_C;5:06:00;0,7;ahead;1500
R 764;Karlstejn_kolej_A;Beroun_kolej_A;5:07:00;0,8;ahead;9000
N 31 54 597 5 004;Beroun_kolej_B;Karlstejn_kolej_B;5:08:00;0,7;reverse;3100
Os 8845;Lhota_kolej_C;Beroun_kolej_C;5:09:00;0,7;ahead;8200
N 31 54 597 5 004;Karlstejn_kolej_B;Beroun_kolej_B;5:10:00;0,8;ahead;8000
R 764;Beroun_kolej_A;Karlstejn_kolej_A;5:11:00;0,7;ahead;3000
Os 8845;Beroun_kolej_C;Lhota_kolej_C;5:12:00;0,7;ahead;1500
R 764;Karlstejn_kolej_A;Beroun_kolej_A;5:13:00;0,8;ahead;9000
N 31 54 597 5 004;Beroun_kolej_B;Karlstejn_kolej_B;5:14:00;0,7;reverse;3100
Os 8845;Lhota_kolej_C;Beroun_kolej_C;5:15:00;0,7;ahead;8200
N 31 54 597 5 004;Karlstejn_kolej_B;Beroun_kolej_B;5:16:00;0,8;ahead;8000
R 764;Beroun_kolej_A;Karlstejn_kolej_A;5:17:00;0,7;ahead;3000
Os 8845;Beroun_kolej_C;Lhota_kolej_C;5:18:00;0,7;ahead;1500
R 764;Karlstejn_kolej_A;Beroun_kolej_A;5:19:00;0,8;ahead;9000
N 31 54 597 5 004;Beroun_kolej_B;Karlstejn_kolej_B;5:20:00;0,7;reverse;3100
Os 8845;Lhota_kolej_C;Beroun_kolej_C;5:21:00;0,7;ahead;8200
N 31 54 597 5 004;Karlstejn_kolej_B;Beroun_kolej_B;5:22:00;0,8;ahead;8000
R 764;Beroun_kolej_A;Karlstejn_kolej_A;5:23:00;0,7;ahead;3000
Os 8845;Beroun_kolej_C;Lhota_kolej_C;5:24:00;0,7;ahead;1500
R 764;Karlstejn_kolej_A;Beroun_kolej_A;5:25:00;0,8;ahead;9000
N 31 54 597 5 004;Beroun_kolej_B;Karlstejn_kolej_B;5:26:00;0,7;reverse;3100
Os 8845;Lhota_kolej_C;Beroun_kolej_C;5:27:00;0,7;ahead;8200
N 31 54 597 5 004;Karlstejn_kolej_B;Beroun_kolej_B;5:28:00;0,8;ahead;8000
R 764;Beroun_kolej_A;Karlstejn_kolej_A;5:29:00;0,7;ahead;3000
Os 8845;Beroun_kolej_C;Lhota_kolej_C;5:30:00;0,7;ahead;1500
R 764;Karlstejn_kolej_A;Beroun_kolej_A;5:31:00;0,8;ahead;9000
N 31 54 597 5 004;Beroun_kolej_B;Karlstejn_kolej_B;5:32:00;0,7;reverse;3100
Os 8845;Lhota_kolej_C;Beroun_kolej_C;5:33:00;0,7;ahead;8200
N 31 54 597 5 004;Karlstejn_kolej_B;Beroun_kolej_B;5:34:00;0,8;ahead;8000
R 764;Beroun_kolej_A;Karlstejn_kolej_A;5:35:00;0,7;ahead;3000
Os 8845;Beroun_kolej_C;Lhota_kolej_C;5:36:00;0,7;ahead;1500
R 764;Karlstejn_kolej_A;Beroun_kolej_A;5:37:00;0,8;ahead;9000
N 31 54 597 5 004;Beroun_kolej_B;Karlstejn_kolej_B;5:38:00;0,7;reverse;3100
Os 8845;Lhota_kolej_C;Beroun_kolej_C;5:39:00;0,7;ahead;8200
N 31 54 597 5 004;Karlstejn_kolej_B;Beroun_kolej_B;5:40:00;0,8;ahead;8000
R 764;Beroun_kolej_A;Karlstejn_kolej_A;5:41:00;0,7;ahead;3000
Os 8845;Beroun_kolej_C;Lhota_kolej_C;5:42:00;0,7;ahead;1500
R 764;Karlstejn_kolej_A;Beroun_kolej_A;5:43:00;0,8;ahead;9000
N 31 54 597 5 004;Beroun_kolej_B;Karlstejn_kolej_B;5:44:00;0,7;reverse;3100
Os 8845;Lhota_kolej_C;Beroun_kolej_C;5:45:00;0,7;ahead;8200
N 31 54 597 5 004;Karlstejn_kolej_B;Beroun_kolej_B;5:46:00;0,8;ahead;8000
R 764;Beroun_kolej_A;Karlstejn_kolej_A;5:47:00;0,7;ahead;3000
Os 8845;Beroun_kolej_C;Lhota_kolej_C;5:48:00;0,7;ahead;1500
R 764;Karlstejn_kolej_A;Beroun_kolej_A;5:49:00;0,8;ahead;9000
N 31 54 597 5 004;Beroun_kolej_B;Karlstejn_kolej_B;5:50:00;0,7;reverse;3100
Os 8845;Lhota_kolej_C;Beroun_kolej_C;5:51:00;0,7;ahead;8200
N 31 54 597 5 004;Karlstejn_kolej_B;Beroun_kolej_B;5:52:00;0,8;ahead;8000
R 764;Beroun_kolej_A;Karlstejn_kolej_A;5:53:00;0,7;ahead;3000
Os 8845;Beroun_kolej_C;Lhota_kolej_C;5:54:00;0,7;ahead;1500
R 764;Karlstejn_kolej_A;Beroun_kolej_A;5:55:00;0,8;ahead;9000
N 31 54 597 5 004;Beroun_kolej_B;Karlstejn_kolej_B;5:56:00;0,7;reverse;3100
Os 8845;Lhota_kolej_C;Beroun_kolej_C;5:57:00;0,7;ahead;8200
N 31 54 597 5 004;Karlstejn_kolej_B;Beroun_kolej_B;5:58:00;0,8;ahead;8000
R 764;Beroun_kolej_A;Karlstejn_kolej_A;5:59:00;0,7;ahead;3000
Os 8845;Beroun_kolej_C;Lhota_kolej_C;6:00:00;0,7;ahead;1500
R 764;Karlstejn_kolej_A;Beroun_kolej_A;6:01:00;0,8;ahead;9000
N 31 54 597 5 004;Beroun_kolej_B;Karlstejn_kolej_B;6:02:00;0,7;reverse;3100
Os 8845;Lhota_kolej_C;Beroun_kolej_C;6:03:00;0,7;ahead;8200
N 31 54 597 5 004;Karlstejn_kolej_B;Beroun_kolej_B;6:04:00;0,8;ahead;8000
R 764;Beroun_kolej_A;Karlstejn_kolej_A;6:05:00;0,7;ahead;3000
Os 8845;Beroun_kolej_C;Lhota_kolej_C;6:06:00;0,7;ahead;1500
R 764;Karlstejn_kolej_A;Beroun_kolej_A;6:07:00;0,8;ahead;9000
N 31 54 597 5 004;Beroun_kolej_B;Karlstejn_kolej_B;6:08:00;0,7;reverse;3100
Os 8845;Lhota_kolej_C;Beroun_kolej_C;6:09:00;0,7;ahead;8200
N 31 54 597 5 004;Karlstejn_kolej_B;Beroun_kolej_B;6:10:00;0,8;ahead;8000
R 764;Beroun_kolej_A;Karlstejn_kolej_A;6:11:00;0,7;ahead;3000
Os 8845;Beroun_kolej_C;Lhota_kolej_C;6:12:00;0,7;ahead;1500
R 764;Karlstejn_kolej_A;Beroun_kolej_A;6:13:00;0,8;ahead;9000
N 31 54 597 5 004;Beroun_kolej_B;Karlstejn_kolej_B;6:14:00;0,7;reverse;3100
Os 8845;Lhota_kolej_C;Beroun_kolej_C;6:15:00;0,7;ahead;8200
N 31 54 597 5 004;Karlstejn_kolej_B;Beroun_kolej_B;6:16:00;0,8;ahead;8000
R 764;Beroun_kolej_A;Karlstejn_kolej_A;6:17:00;0,7;ahead;3000
Os 8845;Beroun_kolej_C;Lhota_kolej_C;6:18:00;0,7;ahead;1500
R 764;Karlstejn_kolej_A;Beroun_kolej_A;6:19:00;0,8;ahead;9000
N 31 54 597 5 004;Beroun_kolej_B;Karlstejn_kolej_B;6:20:00;0,7;reverse;3100
Os 8845;Lhota_kolej_C;Beroun_kolej_C;6:21:00;0,7;ahead;8200
N 31 54 597 5 004;Karlstejn_kolej_B;Beroun_kolej_B;6:22:00;0,8;ahead;8000
R 764;Beroun_kolej_A;Karlstejn_kolej_A;6:23:00;0,7;ahead;3000
Os 8845;Beroun_kolej_C;Lhota_kolej_C;6:24:00;0,7;ahead;1500
R 764;Karlstejn_kolej_A;Beroun_kolej_A;6:25:00;0,8;ahead;9000
N 31 54 597 5 004;Beroun_kolej_B;Karlstejn_kolej_B;6:26:00;0,7;reverse;3100
Os 8845;Lhota_kolej_C;Beroun_kolej_C;6:27:00;0,7;ahead;8200
N 31 54 597 5 004;Karlstejn_kolej_B;Beroun_kolej_B;6:28:00;0,8;ahead;8000
R 764;Beroun_kolej_A;Karlstejn_kolej_A;6:29:00;0,7;ahead;3000
Os 8845;Beroun_kolej_C;Lhota_kolej_C;6:30:00;0,7;ahead;1500
R 764;Karlstejn_kolej_A;Beroun_kolej_A;6:31:00;0,8;ahead;9000
N 31 54 597 5 004;Beroun_kolej_B;Karlstejn_kolej_B;6:32:00;0,7;reverse;3100
Os 8845;Lhota_kolej_C;Beroun_kolej_C;6:33:00;0,7;ahead;8200
N 31 54 597 5 004;Karlstejn_kolej_B;Beroun_kolej_B;6:34:00;0,8;ahead;8000
R 764;Beroun_kolej_A;Karlstejn_kolej_A;6:35:00;0,7;ahead;3000
Os 8845;Beroun_kolej_C;Lhota_kolej_C;6:36:00;0,7;ahead;1500
R 764;Karlstejn_kolej_A;Beroun_kolej_A;6:37:00;0,8;ahead;9000
N 31 54 597 5 004;Beroun_kolej_B;Karlstejn_kolej_B;6:38:00;0,7;reverse;3100
Os 8845;Lhota_kolej_C;Beroun_kolej_C;6:39:00;0,7;ahead;8200
N 31 54 597 5 004;Karlstejn_kolej_B;Beroun_kolej_B;6:40:00;0,8;ahead;8000
R 764;Beroun_kolej_A;Karlstejn_kolej_A;6:41:00;0,7;ahead;3000
Os 8845;Beroun_kolej_C;Lhota_kolej_C;6:42:00;0,7;ahead;1500
R 764;Karlstejn_kolej_A;Beroun_kolej_A;6:43:00;0,8;ahead;9000
N 31 54 597 5 004;Beroun_kolej_B;Karlstejn_kolej_B;6:44:00;0,7;reverse;3100
Os 8845;Lhota_kolej_C;Beroun_kolej_C;6:45:00;0,7;ahead;8200
N 31 54 597 5 004;Karlstejn_kolej_B;Beroun_kolej_B;6:46:00;0,8;ahead;8000
R 764;Beroun_kolej_A;Karlstejn_kolej_A;6:47:00;0,7;ahead;3000
Os 8845;Beroun_kolej_C;Lhota_kolej_C;6:48:00;0,7;ahead;1500
R 764;Karlstejn_kolej_A;Beroun_kolej_A;6:49:00;0,8;ahead;9000
N 31 54 597 5 004;Beroun_kolej_B;Karlstejn_kolej_B;6:50:00;0,7;reverse;3100
Os 8845;Lhota_kolej_C;Beroun_kolej_C;6:51:00;0,7;ahead;8200
N 31 54 597 5 004;Karlstejn_kolej_B;Beroun_kolej_B;6:52:00;0,8;ahead;8000
R 764;Beroun_kolej_A;Karlstejn_kolej_A;6:53:00;0,7;ahead;3000
Os 8845;Beroun_kolej_C;Lhota_kolej_C;6:54:00;0,7;ahead;1500
R 764;Karlstejn_kolej_A;Beroun_kolej_A;6:55:00;0,8;ahead;9000
N 31 54 597 5 004;Beroun_kolej_B;Karlstejn_kolej_B;6:56:00;0,7;reverse;3100
Os 8845;Lhota_kolej_C;Beroun_kolej_C;6:57:00;0,7;ahead;8200
N 31 54 597 5 004;Karlstejn_kolej_B;Beroun_kolej_B;6:58:00;0,8;ahead;8000
R 764;Beroun_kolej_A;Karlstejn_kolej_A;6:59:00;0,7;ahead;3000
Os 8845;Beroun_kolej_C;Lhota_kolej_C;7:00:00;0,7;ahead;1500
R 764;Karlstejn_kolej_A;Beroun_kolej_A;7:01:00;0,8;ahead;9000
N 31 54 597 5 004;Beroun_kolej_B;Karlstejn_kolej_B;7:02:00;0,7;reverse;3100
Os 8845;Lhota_kolej_C;Beroun_kolej_C;7:03:00;0,7;ahead;8200
N 31 54 597 5 004;Karlstejn_kolej_B;Beroun_kolej_B;7:04:00;0,8;ahead;8000
R 764;Beroun_kolej_A;Karlstejn_kolej_A;7:05:00;0,7;ahead;3000
Os 8845;Beroun_kolej_C;Lhota_kolej_C;7:06:00;0,7;ahead;1500
R 764;Karlstejn_kolej_A;Beroun_kolej_A;7:07:00;0,8;ahead;9000
N 31 54 597 5 004;Beroun_kolej_B;Karlstejn_kolej_B;7:08:00;0,7;reverse;3100
Os 8845;Lhota_kolej_C;Beroun_kolej_C;7:09:00;0,7;ahead;8200
N 31 54 597 5 004;Karlstejn_kolej_B;Beroun_kolej_B;7:10:00;0,8;ahead;8000
R 764;Beroun_kolej_A;Karlstejn_kolej_A;7:11:00;0,7;ahead;3000
Os 8845;Beroun_kolej_C;Lhota_kolej_C;7:12:00;0,7;ahead;1500
R 764;Karlstejn_kolej_A;Beroun_kolej_A;7:13:00;0,8;ahead;9000
N 31 54 597 5 004;Beroun_kolej_B;Karlstejn_kolej_B;7:14:00;0,7;reverse;3100
Os 8845;Lhota_kolej_C;Beroun_kolej_C;7:15:00;0,7;ahead;8200
N 31 54 597 5 004;Karlstejn_kolej_B;Beroun_kolej_B;7:16:00;0,8;ahead;8000
R 764;Beroun_kolej_A;Karlstejn_kolej_A;7:17:00;0,7;ahead;3000
Os 8845;Beroun_kolej_C;Lhota_kolej_C;7:18:00;0,7;ahead;1500
R 764;Karlstejn_kolej_A;Beroun_kolej_A;7:19:00;0,8;ahead;9000
N 31 54 597 5 004;Beroun_kolej_B;Karlstejn_kolej_B;7:20:00;0,7;reverse;3100
Os 8845;Lhota_kolej_C;Beroun_kolej_C;7:21:00;0,7;ahead;8200
N 31 54 597 5 004;Karlstejn_kolej_B;Beroun_kolej_B;7:22:00;0,8;ahead;8000
R 764;Beroun_kolej_A;Karlstejn_kolej_A;7:23:00;0,7;ahead;3000
Os 8845;Beroun_kolej_C;Lhota_kolej_C;7:24:00;0,7;ahead;1500
R 764;Karlstejn_kolej_A;Beroun_kolej_A;7:25:00;0,8;ahead;9000
N 31 54 597 5 004;Beroun_kolej_B;Karlstejn_kolej_B;7:26:00;0,7;reverse;3100
Os 8845;Lhota_kolej_C;Beroun_kolej_C;7:27:00;0,7;ahead;8200
N 31 54 597 5 004;Karlstejn_kolej_B;Beroun_kolej_B;7:28:00;0,8;ahead;8000
R 764;Beroun_kolej_A;Karlstejn_kolej_A;7:29:00;0,7;ahead;3000
Os 8845;Beroun_kolej_C;Lhota_kolej_C;7:30:00;0,7;ahead;1500
R 764;Karlstejn_kolej_A;Beroun_kolej_A;7:31:00;0,8;ahead;9000
N 31 54 597 5 004;Beroun_kolej_B;Karlstejn_kolej_B;7:32:00;0,7;reverse;3100
Os 8845;Lhota_kolej_C;Beroun_kolej_C;7:33:00;0,7;ahead;8200
N 31 54 597 5 004;Karlstejn_kolej_B;Beroun_kolej_B;7:34:00;0,8;ahead;8000
R 764;Beroun_kolej_A;Karlstejn_kolej_A;7:35:00;0,7;ahead;3000
Os 8845;Beroun_kolej_C;Lhota_kolej_C;7:36:00;0,7;ahead;1500
R 764;Karlstejn_kolej_A;Beroun_kolej_A;7:37:00;0,8;ahead;9000
N 31 54 597 5 004;Beroun_kolej_B;Karlstejn_kolej_B;7:38:00;0,7;reverse;3100
Os 8845;Lhota_kolej_C;Beroun_kolej_C;7:39:00;0,7;ahead;8200
N 31 54 597 5 004;Karlstejn_kolej_B;Beroun_kolej_B;7:40:00;0,8;ahead;8000
R 764;Beroun_kolej_A;Karlstejn_kolej_A;7:41:00;0,7;ahead;3000
Os 8845;Beroun_kolej_C;Lhota_kolej_C;7:42:00;0,7;ahead;1500
R 764;Karlstejn_kolej_A;Beroun_kolej_A;7:43:00;0,8;ahead;9000
N 31 54 597 5 004;Beroun_kolej_B;Karlstejn_kolej_B;7:44:00;0,7;reverse;3100
Os 8845;Lhota_kolej_C;Beroun_kolej_C;7:45:00;0,7;ahead;8200
N 31 54 597 5 004;Karlstejn_kolej_B;Beroun_kolej_B;7:46:00;0,8;ahead;8000
R 764;Beroun_kolej_A;Karlstejn_kolej_A;7:47:00;0,7;ahead;3000
Os 8845;Beroun_kolej_C;Lhota_kolej_C;7:48:00;0,7;ahead;1500
R 764;Karlstejn_kolej_A;Beroun_kolej_A;7:49:00;0,8;ahead;9000
N 31 54 597 5 004;Beroun_kolej_B;Karlstejn_kolej_B;7:50:00;0,7;reverse;3100
Os 8845;Lhota_kolej_C;Beroun_kolej_C;7:51:00;0,7;ahead;8200
N 31 54 597 5 004;Karlstejn_kolej_B;Beroun_kolej_B;7:52:00;0,8;ahead;8000
R 764;Beroun_kolej_A;Karlstejn_kolej_A;7:53:00;0,7;ahead;3000
Os 8845;Beroun_kolej_C;Lhota_kolej_C;7:54:00;0,7;ahead;1500
R 764;Karlstejn_kolej_A;Beroun_kolej_A;7:55:00;0,8;ahead;9000
N 31 54 597 5 004;Beroun_kolej_B;Karlstejn_kolej_B;7:56:00;0,7;reverse;3100
Os 8845;Lhota_kolej_C;Beroun_kolej_C;7:57:00;0,7;ahead;8200
N 31 54 597 5 004;Karlstejn_kolej_B;Beroun_kolej_B;7:58:00;0,8;ahead;8000
R 764;Beroun_kolej_A;Karlstejn_kolej_A;7:59:00;0,7;ahead;3000
Os 8845;Beroun_kolej_C;Lhota_kolej_C;8:00:00;0,7;ahead;1500
R 764;Karlstejn_kolej_A;Beroun_kolej_A;8:01:00;0,8;ahead;9000
N 31 54 597 5 004;Beroun_kolej_B;Karlstejn_kolej_B;8:02:00;0,7;reverse;3100
Os 8845;Lhota_kolej_C;Beroun_kolej_C;8:03:00;0,7;ahead;8200
N 31 54 597 5 004;Karlstejn_kolej_B;Beroun_kolej_B;8:04:00;0,8;ahead;8000
R 764;Beroun_kolej_A;Karlstejn_kolej_A;8:05:00;0,7;ahead;3000
Os 8845;Beroun_kolej_C;Lhota_kolej_C;8:06:00;0,7;ahead;1500
R 764;Karlstejn_kolej_A;Beroun_kolej_A;8:07:00;0,8;ahead;9000
N 31 54 597 5 004;Beroun_kolej_B;Karlstejn_kolej_B;8:08:00;0,7;reverse;3100
Os 8845;Lhota_kolej_C;Beroun_kolej_C;8:09:00;0,7;ahead;8200
N 31 54 597 5 004;Karlstejn_kolej_B;Beroun_kolej_B;8:10:00;0,8;ahead;8000
R 764;Beroun_kolej_A;Karlstejn_kolej_A;8:11:00;0,7;ahead;3000
Os 8845;Beroun_kolej_C;Lhota_kolej_C;8:12:00;0,7;ahead;1500
R 764;Karlstejn_kolej_A;Beroun_kolej_A;8:13:00;0,8;ahead;9000
N 31 54 597 5 004;Beroun_kolej_B;Karlstejn_kolej_B;8:14:00;0,7;reverse;3100
Os 8845;Lhota_kolej_C;Beroun_kolej_C;8:15:00;0,7;ahead;8200
N 31 54 597 5 004;Karlstejn_kolej_B;Beroun_kolej_B;8:16:00;0,8;ahead;8000
R 764;Beroun_kolej_A;Karlstejn_kolej_A;8:17:00;0,7;ahead;3000
Os 8845;Beroun_kolej_C;Lhota_kolej_C;8:18:00;0,7;ahead;1500
R 764;Karlstejn_kolej_A;Beroun_kolej_A;8:19:00;0,8;ahead;9000
N 31 54 597 5 004;Beroun_kolej_B;Karlstejn_kolej_B;8:20:00;0,7;reverse;3100
Os 8845;Lhota_kolej_C;Beroun_kolej_C;8:21:00;0,7;ahead;8200
N 31 54 597 5 004;Karlstejn_kolej_B;Beroun_kolej_B;8:22:00;0,8;ahead;8000
R 764;Beroun_kolej_A;Karlstejn_kolej_A;8:23:00;0,7;ahead;3000
Os 8845;Beroun_kolej_C;Lhota_kolej_C;8:24:00;0,7;ahead;1500
R 764;Karlstejn_kolej_A;Beroun_kolej_A;8:25:00;0,8;ahead;9000
N 31 54 597 5 004;Beroun_kolej_B;Karlstejn_kolej_B;8:26:00;0,7;reverse;3100
Os 8845;Lhota_kolej_C;Beroun_kolej_C;8:27:00;0,7;ahead;8200
N 31 54 597 5 004;Karlstejn_kolej_B;Beroun_kolej_B;8:28:00;0,8;ahead;8000
R 764;Beroun_kolej_A;Karlstejn_kolej_A;8:29:00;0,7;ahead;3000
Os 8845;Beroun_kolej_C;Lhota_kolej_C;8:30:00;0,7;ahead;1500
R 764;Karlstejn_kolej_A;Beroun_kolej_A;8:31:00;0,8;ahead;9000
N 31 54 597 5 004;Beroun_kolej_B;Karlstejn_kolej_B;8:32:00;0,7;reverse;3100
Os 8845;Lhota_kolej_C;Beroun_kolej_C;8:33:00;0,7;ahead;8200
N 31 54 597 5 004;Karlstejn_kolej_B;Beroun_kolej_B;8:34:00;0,8;ahead;8000
R 764;Beroun_kolej_A;Karlstejn_kolej_A;8:35:00;0,7;ahead;3000
Os 8845;Beroun_kolej_C;Lhota_kolej_C;8:36:00;0,7;ahead;1500
R 764;Karlstejn_kolej_A;Beroun_kolej_A;8:37:00;0,8;ahead;9000
N 31 54 597 5 004;Beroun_kolej_B;Karlstejn_kolej_B;8:38:00;0,7;reverse;3100
Os 8845;Lhota_kolej_C;Beroun_kolej_C;8:39:00;0,7;ahead;8200
N 31 54 597 5 004;Karlstejn_kolej_B;Beroun_kolej_B;8:40:00;0,8;ahead;8000
R 764;Beroun_kolej_A;Karlstejn_kolej_A;8:41:00;0,7;ahead;3000
Os 8845;Beroun_kolej_C;Lhota_kolej_C;8:42:00;0,7;ahead;1500
R 764;Karlstejn_kolej_A;Beroun_kolej_A;8:43:00;0,8;ahead;9000
N 31 54 597 5 004;Beroun_kolej_B;Karlstejn_kolej_B;8:44:00;0,7;reverse;3100
Os 8845;Lhota_kolej_C;Beroun_kolej_C;8:45:00;0,7;ahead;8200
N 31 54 597 5 004;Karlstejn_kolej_B;Beroun_kolej_B;8:46:00;0,8;ahead;8000
R 764;Beroun_kolej_A;Karlstejn_kolej_A;8:47:00;0,7;ahead;3000
Os 8845;Beroun_kolej_C;Lhota_kolej_C;8:48:00;0,7;ahead;1500
R 764;Karlstejn_kolej_A;Beroun_kolej_A;8:49:00;0,8;ahead;9000
N 31 54 597 5 004;Beroun_kolej_B;Karlstejn_kolej_B;8:50:00;0,7;reverse;3100
Os 8845;Lhota_kolej_C;Beroun_kolej_C;8:51:00;0,7;ahead;8200
N 31 54 597 5 004;Karlstejn_kolej_B;Beroun_kolej_B;8:52:00;0,8;ahead;8000
R 764;Beroun_kolej_A;Karlstejn_kolej_A;8:53:00;0,7;ahead;3000
Os 8845;Beroun_kolej_C;Lhota_kolej_C;8:54:00;0,7;ahead;1500
R 764;Karlstejn_kolej_A;Beroun_kolej_A;8:55:00;0,8;ahead;9000
N 31 54 597 5 004;Beroun_kolej_B;Karlstejn_kolej_B;8:56:00;0,7;reverse;3100
Os 8845;Lhota_kolej_C;Beroun_kolej_C;8:57:00;0,7;ahead;8200
N 31 54 597 5 004;Karlstejn_kolej_B;Beroun_kolej_B;8:58:00;0,8;ahead;8000
R 764;Beroun_kolej_A;Karlstejn_kolej_A;8:59:00;0,7;ahead;3000
Os 8845;Beroun_kolej_C;Lhota_kolej_C;9:00:00;0,7;ahead;1500
R 764;Karlstejn_kolej_A;Beroun_kolej_A;9:01:00;0,8;ahead;9000
N 31 54 597 5 004;Beroun_kolej_B;Karlstejn_kolej_B;9:02:00;0,7;reverse;3100
Os 8845;Lhota_kolej_C;Beroun_kolej_C;9:03:00;0,7;ahead;8200
N 31 54 597 5 004;Karlstejn_kolej_B;Beroun_kolej_B;9:04:00;0,8;ahead;8000
R 764;Beroun_kolej_A;Karlstejn_kolej_A;9:05:00;0,7;ahead;3000
Os 8845;Beroun_kolej_C;Lhota_kolej_C;9:06:00;0,7;ahead;1500
R 764;Karlstejn_kolej_A;Beroun_kolej_A;9:07:00;0,8;ahead;9000
N 31 54 597 5 004;Beroun_kolej_B;Karlstejn_kolej_B;9:08:00;0,7;reverse;3100
Os 8845;Lhota_kolej_C;Beroun_kolej_C;9:09:00;0,7;ahead;8200
N 31 54 597 5 004;Karlstejn_kolej_B;Beroun_kolej_B;9:10:00;0,8;ahead;8000
R 764;Beroun_kolej_A;Karlstejn_kolej_A;9:11:00;0,7;ahead;3000
Os 8845;Beroun_kolej_C;Lhota_kolej_C;9:12:00;0,7;ahead;1500
R 764;Karlstejn_kolej_A;Beroun_kolej_A;9:13:00;0,8;ahead;9000
N 31 54 597 5 004;Beroun_kolej_B;Karlstejn_kolej_B;9:14:00;0,7;reverse;3100
Os 8845;Lhota_kolej_C;Beroun_kolej_C;9:15:00;0,7;ahead;8200
N 31 54 597 5 004;Karlstejn_kolej_B;Beroun_kolej_B;9:16:00;0,8;ahead;8000
R 764;Beroun_kolej_A;Karlstejn_kolej_A;9:17:00;0,7;ahead;3000
Os 8845;Beroun_kolej_C;Lhota_kolej_C;9:18:00;0,7;ahead;1500
R 764;Karlstejn_kolej_A;Beroun_kolej_A;9:19:00;0,8;ahead;9000
N 31 54 597 5 004;Beroun_kolej_B;Karlstejn_kolej_B;9:20:00;0,7;reverse;3100
Os 8845;Lhota_kolej_C;Beroun_kolej_C;9:21:00;0,7;ahead;8200
N 31 54 597 5 004;Karlstejn_kolej_B;Beroun_kolej_B;9:22:00;0,8;ahead;8000
R 764;Beroun_kolej_A;Karlstejn_kolej_A;9:23:00;0,7;ahead;3000
Os 8845;Beroun_kolej_C;Lhota_kolej_C;9:24:00;0,7;ahead;1500
R 764;Karlstejn_kolej_A;Beroun_kolej_A;9:25:00;0,8;ahead;9000
N 31 54 597 5 004;Beroun_kolej_B;Karlstejn_kolej_B;9:26:00;0,7;reverse;3100
Os 8845;Lhota_kolej_C;Beroun_kolej_C;9:27:00;0,7;ahead;8200
N 31 54 597 5 004;Karlstejn_kolej_B;Beroun_kolej_B;9:28:00;0,8;ahead;8000
R 764;Beroun_kolej_A;Karlstejn_kolej_A;9:29:00;0,7;ahead;3000
Os 8845;Beroun_kolej_C;Lhota_kolej_C;9:30:00;0,7;ahead;1500
R 764;Karlstejn_kolej_A;Beroun_kolej_A;9:31:00;0,8;ahead;9000
N 31 54 597 5 004;Beroun_kolej_B;Karlstejn_kolej_B;9:32:00;0,7;reverse;3100
Os 8845;Lhota_kolej_C;Beroun_kolej_C;9:33:00;0,7;ahead;8200
N 31 54 597 5 004;Karlstejn_kolej_B;Beroun_kolej_B;9:34:00;0,8;ahead;8000
R 764;Beroun_kolej_A;Karlstejn_kolej_A;9:35:00;0,7;ahead;3000
Os 8845;Beroun_kolej_C;Lhota_kolej_C;9:36:00;0,7;ahead;1500
R 764;Karlstejn_kolej_A;Beroun_kolej_A;9:37:00;0,8;ahead;9000
N 31 54 597 5 004;Beroun_kolej_B;Karlstejn_kolej_B;9:38:00;0,7;reverse;3100
Os 8845;Lhota_kolej_C;Beroun_kolej_C;9:39:00;0,7;ahead;8200
N 31 54 597 5 004;Karlstejn_kolej_B;Beroun_kolej_B;9:40:00;0,8;ahead;8000
R 764;Beroun_kolej_A;Karlstejn_kolej_A;9:41:00;0,7;ahead;3000
Os 8845;Beroun_kolej_C;Lhota_kolej_C;9:42:00;0,7;ahead;1500
R 764;Karlstejn_kolej_A;Beroun_kolej_A;9:43:00;0,8;ahead;9000
N 31 54 597 5 004;Beroun_kolej_B;Karlstejn_kolej_B;9:44:00;0,7;reverse;3100
Os 8845;Lhota_kolej_C;Beroun_kolej_C;9:45:00;0,7;ahead;8200
N 31 54 597 5 004;Karlstejn_kolej_B;Beroun_kolej_B;9:46:00;0,8;ahead;8000
R 764;Beroun_kolej_A;Karlstejn_kolej_A;9:47:00;0,7;ahead;3000
Os 8845;Beroun_kolej_C;Lhota_kolej_C;9:48:00;0,7;ahead;1500
R 764;Karlstejn_kolej_A;Beroun_kolej_A;9:49:00;0,8;ahead;9000
N 31 54 597 5 004;Beroun_kolej_B;Karlstejn_kolej_B;9:50:00;0,7;reverse;3100
Os 8845;Lhota_kolej_C;Beroun_kolej_C;9:51:00;0,7;ahead;8200
N 31 54 597 5 004;Karlstejn_kolej_B;Beroun_kolej_B;9:52:00;0,8;ahead;8000
R 764;Beroun_kolej_A;Karlstejn_kolej_A;9:53:00;0,7;ahead;3000
Os 8845;Beroun_kolej_C;Lhota_kolej_C;9:54:00;0,7;ahead;1500
R 764;Karlstejn_kolej_A;Beroun_kolej_A;9:55:00;0,8;ahead;9000
N 31 54 597 5 004;Beroun_kolej_B;Karlstejn_kolej_B;9:56:00;0,7;reverse;3100
Os 8845;Lhota_kolej_C;Beroun_kolej_C;9:57:00;0,7;ahead;8200
N 31 54 597 5 004;Karlstejn_kolej_B;Beroun_kolej_B;9:58:00;0,8;ahead;8000
R 764;Beroun_kolej_A;Karlstejn_kolej_A;9:59:00;0,7;ahead;3000
Os 8845;Beroun_kolej_C;Lhota_kolej_C;10:00:00;0,7;ahead;1500
R 764;Karlstejn_kolej_A;Beroun_kolej_A;10:01:00;0,8;ahead;9000
N 31 54 597 5 004;Beroun_kolej_B;Karlstejn_kolej_B;10:02:00;0,7;reverse;3100
Os 8845;Lhota_kolej_C;Beroun_kolej_C;10:03:00;0,7;ahead;8200
N 31 54 597 5 004;Karlstejn_kolej_B;Beroun_kolej_B;10:04:00;0,8;ahead;8000
R 764;Beroun_kolej_A;Karlstejn_kolej_A;10:05:00;0,7;ahead;3000
Os 8845;Beroun_kolej_C;Lhota_kolej_C;10:06:00;0,7;ahead;1500
R 764;Karlstejn_kolej_A;Beroun_kolej_A;10:07:00;0,8;ahead;9000
N 31 54 597 5 004;Beroun_kolej_B;Karlstejn_kolej_B;10:08:00;0,7;reverse;3100
Os 8845;Lhota_kolej_C;Beroun_kolej_C;10:09:00;0,7;ahead;8200
N 31 54 597 5 004;Karlstejn_kolej_B;Beroun_kolej_B;10:10:00;0,8;ahead;8000
R 764;Beroun_kolej_A;Karlstejn_kolej_A;10:11:00;0,7;ahead;3000
Os 8845;Beroun_kolej_C;Lhota_kolej_C;10:12:00;0,7;ahead;1500
R 764;Karlstejn_kolej_A;Beroun_kolej_A;10:13:00;0,8;ahead;9000
N 31 54 597 5 004;Beroun_kolej_B;Karlstejn_kolej_B;10:14:00;0,7;reverse;3100
Os 8845;Lhota_kolej_C;Beroun_kolej_C;10:15:00;0,7;ahead;8200
N 31 54 597 5 004;Karlstejn_kolej_B;Beroun_kolej_B;10:16:00;0,8;ahead;8000
R 764;Beroun_kolej_A;Karlstejn_kolej_A;10:17:00;0,7;ahead;3000
Os 8845;Beroun_kolej_C;Lhota_kolej_C;10:18:00;0,7;ahead;1500
R 764;Karlstejn_kolej_A;Beroun_kolej_A;10:19:00;0,8;ahead;9000
N 31 54 597 5 004;Beroun_kolej_B;Karlstejn_kolej_B;10:20:00;0,7;reverse;3100
Os 8845;Lhota_kolej_C;Beroun_kolej_C;10:21:00;0,7;ahead;8200
N 31 54 597 5 004;Karlstejn_kolej_B;Beroun_kolej_B;10:22:00;0,8;ahead;8000
R 764;Beroun_kolej_A;Karlstejn_kolej_A;10:23:00;0,7;ahead;3000
Os 8845;Beroun_kolej_C;Lhota_kolej_C;10:24:00;0,7;ahead;1500
R 764;Karlstejn_kolej_A;Beroun_kolej_A;10:25:00;0,8;ahead;9000
N 31 54 597 5 004;Beroun_kolej_B;Karlstejn_kolej_B;10:26:00;0,7;reverse;3100
Os 8845;Lhota_kolej_C;Beroun_kolej_C;10:27:00;0,7;ahead;8200
N 31 54 597 5 004;Karlstejn_kolej_B;Beroun_kolej_B;10:28:00;0,8;ahead;8000
R 764;Beroun_kolej_A;Karlstejn_kolej_A;10:29:00;0,7;ahead;3000
Os 8845;Beroun_kolej_C;Lhota_kolej_C;10:30:00;0,7;ahead;1500
R 764;Karlstejn_kolej_A;Beroun_kolej_A;10:31:00;0,8;ahead;9000
N 31 54 597 5 004;Beroun_kolej_B;Karlstejn_kolej_B;10:32:00;0,7;reverse;3100
Os 8845;Lhota_kolej_C;Beroun_kolej_C;10:33:00;0,7;ahead;8200
N 31 54 597 5 004;Karlstejn_kolej_B;Beroun_kolej_B;10:34:00;0,8;ahead;8000
R 764;Beroun_kolej_A;Karlstejn_kolej_A;10:35:00;0,7;ahead;3000
Os 8845;Beroun_kolej_C;Lhota_kolej_C;10:36:00;0,7;ahead;1500
R 764;Karlstejn_kolej_A;Beroun_kolej_A;10:37:00;0,8;ahead;9000
N 31 54 597 5 004;Beroun_kolej_B;Karlstejn_kolej_B;10:38:00;0,7;reverse;3100
Os 8845;Lhota_kolej_C;Beroun_kolej_C;10:39:00;0,7;ahead;8200
N 31 54 597 5 004;Karlstejn_kolej_B;Beroun_kolej_B;10:40:00;0,8;ahead;8000
R 764;Beroun_kolej_A;Karlstejn_kolej_A;10:41:00;0,7;ahead;3000
Os 8845;Beroun_kolej_C;Lhota_kolej_C;10:42:00;0,7;ahead;1500
R 764;Karlstejn_kolej_A;Beroun_kolej_A;10:43:00;0,8;ahead;9000
N 31 54 597 5 004;Beroun_kolej_B;Karlstejn_kolej_B;10:44:00;0,7;reverse;3100
Os 8845;Lhota_kolej_C;Beroun_kolej_C;10:45:00;0,7;ahead;8200
N 31 54 597 5 004;Karlstejn_kolej_B;Beroun_kolej_B;10:46:00;0,8;ahead;8000
R 764;Beroun_kolej_A;Karlstejn_kolej_A;10:47:00;0,7;ahead;3000
Os 8845;Beroun_kolej_C;Lhota_kolej_C;10:48:00;0,7;ahead;1500
R 764;Karlstejn_kolej_A;Beroun_kolej_A;10:49:00;0,8;ahead;9000
N 31 54 597 5 004;Beroun_kolej_B;Karlstejn_kolej_B;10:50:00;0,7;reverse;3100
Os 8845;Lhota_kolej_C;Beroun_kolej_C;10:51:00;0,7;ahead;8200
N 31 54 597 5 004;Karlstejn_kolej_B;Beroun_kolej_B;10:52:00;0,8;ahead;8000
R 764;Beroun_kolej_A;Karlstejn_kolej_A;10:53:00;0,7;ahead;3000
Os 8845;Beroun_kolej_C;Lhota_kolej_C;10:54:00;0,7;ahead;1500
R 764;Karlstejn_kolej_A;Beroun_kolej_A;10:55:00;0,8;ahead;9000
N 31 54 597 5 004;Beroun_kolej_B;Karlstejn_kolej_B;10:56:00;0,7;reverse;3100
Os 8845;Lhota_kolej_C;Beroun_kolej_C;10:57:00;0,7;ahead;8200
N 31 54 597 5 004;Karlstejn_kolej_B;Beroun_kolej_B;10:58:00;0,8;ahead;8000
R 764;Beroun_kolej_A;Karlstejn_kolej_A;10:59:00;0,7;ahead;3000
Os 8845;Beroun_kolej_C;Lhota_kolej_C;11:00:00;0,7;ahead;1500
R 764;Karlstejn_kolej_A;Beroun_kolej_A;11:01:00;0,8;ahead;9000
N 31 54 597 5 004;Beroun_kolej_B;Karlstejn_kolej_B;11:02:00;0,7;reverse;3100
Os 8845;Lhota_kolej_C;Beroun_kolej_C;11:03:00;0,7;ahead;8200
N 31 54 597 5 004;Karlstejn_kolej_B;Beroun_kolej_B;11:04:00;0,8;ahead;8000
R 764;Beroun_kolej_A;Karlstejn_kolej_A;11:05:00;0,7;ahead;3000
Os 8845;Beroun_kolej_C;Lhota_kolej_C;11:06:00;0,7;ahead;1500
R 764;Karlstejn_kolej_A;Beroun_kolej_A;11:07:00;0,8;ahead;9000
N 31 54 597 5 004;Beroun_kolej_B;Karlstejn_kolej_B;11:08:00;0,7;reverse;3100
Os 8845;Lhota_kolej_C;Beroun_kolej_C;11:09:00;0,7;ahead;8200
N 31 54 597 5 004;Karlstejn_kolej_B;Beroun_kolej_B;11:10:00;0,8;ahead;8000
R 764;Beroun_kolej_A;Karlstejn_kolej_A;11:11:00;0,7;ahead;3000
Os 8845;Beroun_kolej_C;Lhota_kolej_C;11:12:00;0,7;ahead;1500
R 764;Karlstejn_kolej_A;Beroun_kolej_A;11:13:00;0,8;ahead;9000
N 31 54 597 5 004;Beroun_kolej_B;Karlstejn_kolej_B;11:14:00;0,7;reverse;3100
Os 8845;Lhota_kolej_C;Beroun_kolej_C;11:15:00;0,7;ahead;8200
N 31 54 597 5 004;Karlstejn_kolej_B;Beroun_kolej_B;11:16:00;0,8;ahead;8000
R 764;Beroun_kolej_A;Karlstejn_kolej_A;11:17:00;0,7;ahead;3000
Os 8845;Beroun_kolej_C;Lhota_kolej_C;11:18:00;0,7;ahead;1500
R 764;Karlstejn_kolej_A;Beroun_kolej_A;11:19:00;0,8;ahead;9000
N 31 54 597 5 004;Beroun_kolej_B;Karlstejn_kolej_B;11:20:00;0,7;reverse;3100
Os 8845;Lhota_kolej_C;Beroun_kolej_C;11:21:00;0,7;ahead;8200
N 31 54 597 5 004;Karlstejn_kolej_B;Beroun_kolej_B;11:22:00;0,8;ahead;8000
R 764;Beroun_kolej_A;Karlstejn_kolej_A;11:23:00;0,7;ahead;3000
Os 8845;Beroun_kolej_C;Lhota_kolej_C;11:24:00;0,7;ahead;1500
R 764;Karlstejn_kolej_A;Beroun_kolej_A;11:25:00;0,8;ahead;9000
N 31 54 597 5 004;Beroun_kolej_B;Karlstejn_kolej_B;11:26:00;0,7;reverse;3100
Os 8845;Lhota_kolej_C;Beroun_kolej_C;11:27:00;0,7;ahead;8200
N 31 54 597 5 004;Karlstejn_kolej_B;Beroun_kolej_B;11:28:00;0,8;ahead;8000
R 764;Beroun_kolej_A;Karlstejn_kolej_A;11:29:00;0,7;ahead;3000
Os 8845;Beroun_kolej_C;Lhota_kolej_C;11:30:00;0,7;ahead;1500
R 764;Karlstejn_kolej_A;Beroun_kolej_A;11:31:00;0,8;ahead;9000
N 31 54 597 5 004;Beroun_kolej_B;Karlstejn_kolej_B;11:32:00;0,7;reverse;3100
Os 8845;Lhota_kolej_C;Beroun_kolej_C;11:33:00;0,7;ahead;8200
N 31 54 597 5 004;Karlstejn_kolej_B;Beroun_kolej_B;11:34:00;0,8;ahead;8000
R 764;Beroun_kolej_A;Karlstejn_kolej_A;11:35:00;0,7;ahead;3000
Os 8845;Beroun_kolej_C;Lhota_kolej_C;11:36:00;0,7;ahead;1500
R 764;Karlstejn_kolej_A;Beroun_kolej_A;11:37:00;0,8;ahead;9000
N 31 54 597 5 004;Beroun_kolej_B;Karlstejn_kolej_B;11:38:00;0,7;reverse;3100
Os 8845;Lhota_kolej_C;Beroun_kolej_C;11:39:00;0,7;ahead;8200
N 31 54 597 5 004;Karlstejn_kolej_B;Beroun_kolej_B;11:40:00;0,8;ahead;8000
R 764;Beroun_kolej_A;Karlstejn_kolej_A;11:41:00;0,7;ahead;3000
Os 8845;Beroun_kolej_C;Lhota_kolej_C;11:42:00;0,7;ahead;1500
R 764;Karlstejn_kolej_A;Beroun_kolej_A;11:43:00;0,8;ahead;9000
N 31 54 597 5 004;Beroun_kolej_B;Karlstejn_kolej_B;11:44:00;0,7;reverse;3100
Os 8845;Lhota_kolej_C;Beroun_kolej_C;11:45:00;0,7;ahead;8200
N 31 54 597 5 004;Karlstejn_kolej_B;Beroun_kolej_B;11:46:00;0,8;ahead;8000
R 764;Beroun_kolej_A;Karlstejn_kolej_A;11:47:00;0,7;ahead;3000
Os 8845;Beroun_kolej_C;Lhota_kolej_C;11:48:00;0,7;ahead;1500
R 764;Karlstejn_kolej_A;Beroun_kolej_A;11:49:00;0,8;ahead;9000
N 31 54 597 5 004;Beroun_kolej_B;Karlstejn_kolej_B;11:50:00;0,7;reverse;3100
Os 8845;Lhota_kolej_C;Beroun_kolej_C;11:51:00;0,7;ahead;8200
N 31 54 597 5 004;Karlstejn_kolej_B;Beroun_kolej_B;11:52:00;0,8;ahead;8000
R 764;Beroun_kolej_A;Karlstejn_kolej_A;11:53:00;0,7;ahead;3000
Os 8845;Beroun_kolej_C;Lhota_kolej_C;11:54:00;0,7;ahead;1500
R 764;Karlstejn_kolej_A;Beroun_kolej_A;11:55:00;0,8;ahead;9000
N 31 54 597 5 004;Beroun_kolej_B;Karlstejn_kolej_B;11:56:00;0,7;reverse;3100
Os 8845;Lhota_kolej_C;Beroun_kolej_C;11:57:00;0,7;ahead;8200
N 31 54 597 5 004;Karlstejn_kolej_B;Beroun_kolej_B;11:58:00;0,8;ahead;8000
R 764;Beroun_kolej_A;Karlstejn_kolej_A;11:59:00;0,7;ahead;3000
Os 8845;Beroun_kolej_C;Lhota_kolej_C;12:00:00;0,7;ahead;1500
R 764;Karlstejn_kolej_A;Beroun_kolej_A;12:01:00;0,8;ahead;9000
N 31 54 597 5 004;Beroun_kolej_B;Karlstejn_kolej_B;12:02:00;0,7;reverse;3100
Os 8845;Lhota_kolej_C;Beroun_kolej_C;12:03:00;0,7;ahead;8200
N 31 54 597 5 004;Karlstejn_kolej_B;Beroun_kolej_B;12:04:00;0,8;ahead;8000
R 764;Beroun_kolej_A;Karlstejn_kolej_A;12:05:00;0,7;ahead;3000
Os 8845;Beroun_kolej_C;Lhota_kolej_C;12:06:00;0,7;ahead;1500
R 764;Karlstejn_kolej_A;Beroun_kolej_A;12:07:00;0,8;ahead;9000
N 31 54 597 5 004;Beroun_kolej_B;Karlstejn_kolej_B;12:08:00;0,7;reverse;3100
Os 8845;Lhota_kolej_C;Beroun_kolej_C;12:09:00;0,7;ahead;8200
N 31 54 597 5 004;Karlstejn_kolej_B;Beroun_kolej_B;12:10:00;0,8;ahead;8000
R 764;Beroun_kolej_A;Karlstejn_kolej_A;12:11:00;0,7;ahead;3000
Os 8845;Beroun_kolej_C;Lhota_kolej_C;12:12:00;0,7;ahead;1500
R 764;Karlstejn_kolej_A;Beroun_kolej_A;12:13:00;0,8;ahead;9000
N 31 54 597 5 004;Beroun_kolej_B;Karlstejn_kolej_B;12:14:00;0,7;reverse;3100
Os 8845;Lhota_kolej_C;Beroun_kolej_C;12:15:00;0,7;ahead;8200
N 31 54 597 5 004;Karlstejn_kolej_B;Beroun_kolej_B;12:16:00;0,8;ahead;8000
R 764;Beroun_kolej_A;Karlstejn_kolej_A;12:17:00;0,7;ahead;3000
Os 8845;Beroun_kolej_C;Lhota_kolej_C;12:18:00;0,7;ahead;1500
R 764;Karlstejn_kolej_A;Beroun_kolej_A;12:19:00;0,8;ahead;9000
N 31 54 597 5 004;Beroun_kolej_B;Karlstejn_kolej_B;12:20:00;0,7;reverse;3100
Os 8845;Lhota_kolej_C;Beroun_kolej_C;12:21:00;0,7;ahead;8200
N 31 54 597 5 004;Karlstejn_kolej_B;Beroun_kolej_B;12:22:00;0,8;ahead;8000
R 764;Beroun_kolej_A;Karlstejn_kolej_A;12:23:00;0,7;ahead;3000
Os 8845;Beroun_kolej_C;Lhota_kolej_C;12:24:00;0,7;ahead;1500
R 764;Karlstejn_kolej_A;Beroun_kolej_A;12:25:00;0,8;ahead;9000
N 31 54 597 5 004;Beroun_kolej_B;Karlstejn_kolej_B;12:26:00;0,7;reverse;3100
Os 8845;Lhota_kolej_C;Beroun_kolej_C;12:27:00;0,7;ahead;8200
N 31 54 597 5 004;Karlstejn_kolej_B;Beroun_kolej_B;12:28:00;0,8;ahead;8000
R 764;Beroun_kolej_A;Karlstejn_kolej_A;12:29:00;0,7;ahead;3000
Os 8845;Beroun_kolej_C;Lhota_kolej_C;12:30:00;0,7;ahead;1500
R 764;Karlstejn_kolej_A;Beroun_kolej_A;12:31:00;0,8;ahead;9000
N 31 54 597 5 004;Beroun_kolej_B;Karlstejn_kolej_B;12:32:00;0,7;reverse;3100
Os 8845;Lhota_kolej_C;Beroun_kolej_C;12:33:00;0,7;ahead;8200
N 31 54 597 5 004;Karlstejn_kolej_B;Beroun_kolej_B;12:34:00;0,8;ahead;8000
R 764;Beroun_kolej_A;Karlstejn_kolej_A;12:35:00;0,7;ahead;3000
Os 8845;Beroun_kolej_C;Lhota_kolej_C;12:36:00;0,7;ahead;1500
R 764;Karlstejn_kolej_A;Beroun_kolej_A;12:37:00;0,8;ahead;9000
N 31 54 597 5 004;Beroun_kolej_B;Karlstejn_kolej_B;12:38:00;0,7;reverse;3100
Os 8845;Lhota_kolej_C;Beroun_kolej_C;12:39:00;0,7;ahead;8200
N 31 54 597 5 004;Karlstejn_kolej_B;Beroun_kolej_B;12:40:00;0,8;ahead;8000
R 764;Beroun_kolej_A;Karlstejn_kolej_A;12:41:00;0,7;ahead;3000
Os 8845;Beroun_kolej_C;Lhota_kolej_C;12:42:00;0,7;ahead;1500
R 764;Karlstejn_kolej_A;Beroun_kolej_A;12:43:00;0,8;ahead;9000
N 31 54 597 5 004;Beroun_kolej_B;Karlstejn_kolej_B;12:44:00;0,7;reverse;3100
Os 8845;Lhota_kolej_C;Beroun_kolej_C;12:45:00;0,7;ahead;8200
N 31 54 597 5 004;Karlstejn_kolej_B;Beroun_kolej_B;12:46:00;0,8;ahead;8000
R 764;Beroun_kolej_A;Karlstejn_kolej_A;12:47:00;0,7;ahead;3000
Os 8845;Beroun_kolej_C;Lhota_kolej_C;12:48:00;0,7;ahead;1500
R 764;Karlstejn_kolej_A;Beroun_kolej_A;12:49:00;0,8;ahead;9000
N 31 54 597 5 004;Beroun_kolej_B;Karlstejn_kolej_B;12:50:00;0,7;reverse;3100
Os 8845;Lhota_kolej_C;Beroun_kolej_C;12:51:00;0,7;ahead;8200
N 31 54 597 5 004;Karlstejn_kolej_B;Beroun_kolej_B;12:52:00;0,8;ahead;8000
R 764;Beroun_kolej_A;Karlstejn_kolej_A;12:53:00;0,7;ahead;3000
Os 8845;Beroun_kolej_C;Lhota_kolej_C;12:54:00;0,7;ahead;1500
R 764;Karlstejn_kolej_A;Beroun_kolej_A;12:55:00;0,8;ahead;9000
N 31 54 597 5 004;Beroun_kolej_B;Karlstejn_kolej_B;12:56:00;0,7;reverse;3100
Os 8845;Lhota_kolej_C;Beroun_kolej_C;12:57:00;0,7;ahead;8200
N 31 54 597 5 004;Karlstejn_kolej_B;Beroun_kolej_B;12:58:00;0,8;ahead;8000
R 764;Beroun_kolej_A;Karlstejn_kolej_A;12:59:00;0,7;ahead;3000
Os 8845;Beroun_kolej_C;Lhota_kolej_C;13:00:00;0,7;ahead;1500
R 764;Karlstejn_kolej_A;Beroun_kolej_A;13:01:00;0,8;ahead;9000
N 31 54 597 5 004;Beroun_kolej_B;Karlstejn_kolej_B;13:02:00;0,7;reverse;3100
Os 8845;Lhota_kolej_C;Beroun_kolej_C;13:03:00;0,7;ahead;8200
N 31 54 597 5 004;Karlstejn_kolej_B;Beroun_kolej_B;13:04:00;0,8;ahead;8000
R 764;Beroun_kolej_A;Karlstejn_kolej_A;13:05:00;0,7;ahead;3000
Os 8845;Beroun_kolej_C;Lhota_kolej_C;13:06:00;0,7;ahead;1500
R 764;Karlstejn_kolej_A;Beroun_kolej_A;13:07:00;0,8;ahead;9000
N 31 54 597 5 004;Beroun_kolej_B;Karlstejn_kolej_B;13:08:00;0,7;reverse;3100
Os 8845;Lhota_kolej_C;Beroun_kolej_C;13:09:00;0,7;ahead;8200
N 31 54 597 5 004;Karlstejn_kolej_B;Beroun_kolej_B;13:10:00;0,8;ahead;8000
R 764;Beroun_kolej_A;Karlstejn_kolej_A;13:11:00;0,7;ahead;3000
Os 8845;Beroun_kolej_C;Lhota_kolej_C;13:12:00;0,7;ahead;1500
R 764;Karlstejn_kolej_A;Beroun_kolej_A;13:13:00;0,8;ahead;9000
N 31 54 597 5 004;Beroun_kolej_B;Karlstejn_kolej_B;13:14:00;0,7;reverse;3100
Os 8845;Lhota_kolej_C;Beroun_kolej_C;13:15:00;0,7;ahead;8200
N 31 54 597 5 004;Karlstejn_kolej_B;Beroun_kolej_B;13:16:00;0,8;ahead;8000
R 764;Beroun_kolej_A;Karlstejn_kolej_A;13:17:00;0,7;ahead;3000
Os 8845;Beroun_kolej_C;Lhota_kolej_C;13:18:00;0,7;ahead;1500
R 764;Karlstejn_kolej_A;Beroun_kolej_A;13:19:00;0,8;ahead;9000
N 31 54 597 5 004;Beroun_kolej_B;Karlstejn_kolej_B;13:20:00;0,7;reverse;3100
Os 8845;Lhota_kolej_C;Beroun_kolej_C;13:21:00;0,7;ahead;8200
N 31 54 597 5 004;Karlstejn_kolej_B;Beroun_kolej_B;13:22:00;0,8;ahead;8000
R 764;Beroun_kolej_A;Karlstejn_kolej_A;13:23:00;0,7;ahead;3000
Os 8845;Beroun_kolej_C;Lhota_kolej_C;13:24:00;0,7;ahead;1500
R 764;Karlstejn_kolej_A;Beroun_kolej_A;13:25:00;0,8;ahead;9000
N 31 54 597 5 004;Beroun_kolej_B;Karlstejn_kolej_B;13:26:00;0,7;reverse;3100
Os 8845;Lhota_kolej_C;Beroun_kolej_C;13:27:00;0,7;ahead;8200
N 31 54 597 5 004;Karlstejn_kolej_B;Beroun_kolej_B;13:28:00;0,8;ahead;8000
R 764;Beroun_kolej_A;Karlstejn_kolej_A;13:29:00;0,7;ahead;3000
Os 8845;Beroun_kolej_C;Lhota_kolej_C;13:30:00;0,7;ahead;1500
R 764;Karlstejn_kolej_A;Beroun_kolej_A;13:31:00;0,8;ahead;9000
N 31 54 597 5 004;Beroun_kolej_B;Karlstejn_kolej_B;13:32:00;0,7;reverse;3100
Os 8845;Lhota_kolej_C;Beroun_kolej_C;13:33:00;0,7;ahead;8200
N 31 54 597 5 004;Karlstejn_kolej_B;Beroun_kolej_B;13:34:00;0,8;ahead;8000
R 764;Beroun_kolej_A;Karlstejn_kolej_A;13:35:00;0,7;ahead;3000
Os 8845;Beroun_kolej_C;Lhota_kolej_C;13:36:00;0,7;ahead;1500
R 764;Karlstejn_kolej_A;Beroun_kolej_A;13:37:00;0,8;ahead;9000
N 31 54 597 5 004;Beroun_kolej_B;Karlstejn_kolej_B;13:38:00;0,7;reverse;3100
Os 8845;Lhota_kolej_C;Beroun_kolej_C;13:39:00;0,7;ahead;8200
N 31 54 597 5 004;Karlstejn_kolej_B;Beroun_kolej_B;13:40:00;0,8;ahead;8000
R 764;Beroun_kolej_A;Karlstejn_kolej_A;13:41:00;0,7;ahead;3000
Os 8845;Beroun_kolej_C;Lhota_kolej_C;13:42:00;0,7;ahead;1500
R 764;Karlstejn_kolej_A;Beroun_kolej_A;13:43:00;0,8;ahead;9000
N 31 54 597 5 004;Beroun_kolej_B;Karlstejn_kolej_B;13:44:00;0,7;reverse;3100
Os 8845;Lhota_kolej_C;Beroun_kolej_C;13:45:00;0,7;ahead;8200
N 31 54 597 5 004;Karlstejn_kolej_B;Beroun_kolej_B;13:46:00;0,8;ahead;8000
R 764;Beroun_kolej_A;Karlstejn_kolej_A;13:47:00;0,7;ahead;3000
Os 8845;Beroun_kolej_C;Lhota_kolej_C;13:48:00;0,7;ahead;1500
R 764;Karlstejn_kolej_A;Beroun_kolej_A;13:49:00;0,8;ahead;9000
N 31 54 597 5 004;Beroun_kolej_B;Karlstejn_kolej_B;13:50:00;0,7;reverse;3100
Os 8845;Lhota_kolej_C;Beroun_kolej_C;13:51:00;0,7;ahead;8200
N 31 54 597 5 004;Karlstejn_kolej_B;Beroun_kolej_B;13:52:00;0,8;ahead;8000
R 764;Beroun_kolej_A;Karlstejn_kolej_A;13:53:00;0,7;ahead;3000
Os 8845;Beroun_kolej_C;Lhota_kolej_C;13:54:00;0,7;ahead;1500
R 764;Karlstejn_kolej_A;Beroun_kolej_A;13:55:00;0,8;ahead;9000
N 31 54 597 5 004;Beroun_kolej_B;Karlstejn_kolej_B;13:56:00;0,7;reverse;3100
Os 8845;Lhota_kolej_C;Beroun_kolej_C;13:57:00;0,7;ahead;8200
N 31 54 597 5 004;Karlstejn_kolej_B;Beroun_kolej_B;13:58:00;0,8;ahead;8000
R 764;Beroun_kolej_A;Karlstejn_kolej_A;13:59:00;0,7;ahead;3000
Os 8845;Beroun_kolej_C;Lhota_kolej_C;14:00:00;0,7;ahead;1500
R 764;Karlstejn_kolej_A;Beroun_kolej_A;14:01:00;0,8;ahead;9000
N 31 54 597 5 004;Beroun_kolej_B;Karlstejn_kolej_B;14:02:00;0,7;reverse;3100
Os 8845;Lhota_kolej_C;Beroun_kolej_C;14:03:00;0,7;ahead;8200
N 31 54 597 5 004;Karlstejn_kolej_B;Beroun_kolej_B;14:04:00;0,8;ahead;8000
R 764;Beroun_kolej_A;Karlstejn_kolej_A;14:05:00;0,7;ahead;3000
Os 8845;Beroun_kolej_C;Lhota_kolej_C;14:06:00;0,7;ahead;1500
R 764;Karlstejn_kolej_A;Beroun_kolej_A;14:07:00;0,8;ahead;9000
N 31 54 597 5 004;Beroun_kolej_B;Karlstejn_kolej_B;14:08:00;0,7;reverse;3100
Os 8845;Lhota_kolej_C;Beroun_kolej_C;14:09:00;0,7;ahead;8200
N 31 54 597 5 004;Karlstejn_kolej_B;Beroun_kolej_B;14:10:00;0,8;ahead;8000
R 764;Beroun_kolej_A;Karlstejn_kolej_A;14:11:00;0,7;ahead;3000
Os 8845;Beroun_kolej_C;Lhota_kolej_C;14:12:00;0,7;ahead;1500
R 764;Karlstejn_kolej_A;Beroun_kolej_A;14:13:00;0,8;ahead;9000
N 31 54 597 5 004;Beroun_kolej_B;Karlstejn_kolej_B;14:14:00;0,7;reverse;3100
Os 8845;Lhota_kolej_C;Beroun_kolej_C;14:15:00;0,7;ahead;8200
N 31 54 597 5 004;Karlstejn_kolej_B;Beroun_kolej_B;14:16:00;0,8;ahead;8000
R 764;Beroun_kolej_A;Karlstejn_kolej_A;14:17:00;0,7;ahead;3000
Os 8845;Beroun_kolej_C;Lhota_kolej_C;14:18:00;0,7;ahead;1500
R 764;Karlstejn_kolej_A;Beroun_kolej_A;14:19:00;0,8;ahead;9000
N 31 54 597 5 004;Beroun_kolej_B;Karlstejn_kolej_B;14:20:00;0,7;reverse;3100
Os 8845;Lhota_kolej_C;Beroun_kolej_C;14:21:00;0,7;ahead;8200
N 31 54 597 5 004;Karlstejn_kolej_B;Beroun_kolej_B;14:22:00;0,8;ahead;8000
R 764;Beroun_kolej_A;Karlstejn_kolej_A;14:23:00;0,7;ahead;3000
Os 8845;Beroun_kolej_C;Lhota_kolej_C;14:24:00;0,7;ahead;1500
R 764;Karlstejn_kolej_A;Beroun_kolej_A;14:25:00;0,8;ahead;9000
N 31 54 597 5 004;Beroun_kolej_B;Karlstejn_kolej_B;14:26:00;0,7;reverse;3100
Os 8845;Lhota_kolej_C;Beroun_kolej_C;14:27:00;0,7;ahead;8200
N 31 54 597 5 004;Karlstejn_kolej_B;Beroun_kolej_B;14:28:00;0,8;ahead;8000
R 764;Beroun_kolej_A;Karlstejn_kolej_A;14:29:00;0,7;ahead;3000
Os 8845;Beroun_kolej_C;Lhota_kolej_C;14:30:00;0,7;ahead;1500
R 764;Karlstejn_kolej_A;Beroun_kolej_A;14:31:00;0,8;ahead;9000
N 31 54 597 5 004;Beroun_kolej_B;Karlstejn_kolej_B;14:32:00;0,7;reverse;3100
Os 8845;Lhota_kolej_C;Beroun_kolej_C;14:33:00;0,7;ahead;8200
N 31 54 597 5 004;Karlstejn_kolej_B;Beroun_kolej_B;14:34:00;0,8;ahead;8000
R 764;Beroun_kolej_A;Karlstejn_kolej_A;14:35:00;0,7;ahead;3000
Os 8845;Beroun_kolej_C;Lhota_kolej_C;14:36:00;0,7;ahead;1500
R 764;Karlstejn_kolej_A;Beroun_kolej_A;14:37:00;0,8;ahead;9000
N 31 54 597 5 004;Beroun_kolej_B;Karlstejn_kolej_B;14:38:00;0,7;reverse;3100
Os 8845;Lhota_kolej_C;Beroun_kolej_C;14:39:00;0,7;ahead;8200
N 31 54 597 5 004;Karlstejn_kolej_B;Beroun_kolej_B;14:40:00;0,8;ahead;8000
R 764;Beroun_kolej_A;Karlstejn_kolej_A;14:41:00;0,7;ahead;3000
Os 8845;Beroun_kolej_C;Lhota_kolej_C;14:42:00;0,7;ahead;1500
R 764;Karlstejn_kolej_A;Beroun_kolej_A;14:43:00;0,8;ahead;9000
N 31 54 597 5 004;Beroun_kolej_B;Karlstejn_kolej_B;14:44:00;0,7;reverse;3100
Os 8845;Lhota_kolej_C;Beroun_kolej_C;14:45:00;0,7;ahead;8200
N 31 54 597 5 004;Karlstejn_kolej_B;Beroun_kolej_B;14:46:00;0,8;ahead;8000
R 764;Beroun_kolej_A;Karlstejn_kolej_A;14:47:00;0,7;ahead;3000
Os 8845;Beroun_kolej_C;Lhota_kolej_C;14:48:00;0,7;ahead;1500
R 764;Karlstejn_kolej_A;Beroun_kolej_A;14:49:00;0,8;ahead;9000
N 31 54 597 5 004;Beroun_kolej_B;Karlstejn_kolej_B;14:50:00;0,7;reverse;3100
Os 8845;Lhota_kolej_C;Beroun_kolej_C;14:51:00;0,7;ahead;8200
N 31 54 597 5 004;Karlstejn_kolej_B;Beroun_kolej_B;14:52:00;0,8;ahead;8000
R 764;Beroun_kolej_A;Karlstejn_kolej_A;14:53:00;0,7;ahead;3000
Os 8845;Beroun_kolej_C;Lhota_kolej_C;14:54:00;0,7;ahead;1500
R 764;Karlstejn_kolej_A;Beroun_kolej_A;14:55:00;0,8;ahead;9000
N 31 54 597 5 004;Beroun_kolej_B;Karlstejn_kolej_B;14:56:00;0,7;reverse;3100
Os 8845;Lhota_kolej_C;Beroun_kolej_C;14:57:00;0,7;ahead;8200
N 31 54 597 5 004;Karlstejn_kolej_B;Beroun_kolej_B;14:58:00;0,8;ahead;8000
R 764;Beroun_kolej_A;Karlstejn_kolej_A;14:59:00;0,7;ahead;3000
Os 8845;Beroun_kolej_C;Lhota_kolej_C;15:00:00;0,7;ahead;1500
R 764;Karlstejn_kolej_A;Beroun_kolej_A;15:01:00;0,8;ahead;9000
N 31 54 597 5 004;Beroun_kolej_B;Karlstejn_kolej_B;15:02:00;0,7;reverse;3100
Os 8845;Lhota_kolej_C;Beroun_kolej_C;15:03:00;0,7;ahead;8200
N 31 54 597 5 004;Karlstejn_kolej_B;Beroun_kolej_B;15:04:00;0,8;ahead;8000
R 764;Beroun_kolej_A;Karlstejn_kolej_A;15:05:00;0,7;ahead;3000
Os 8845;Beroun_kolej_C;Lhota_kolej_C;15:06:00;0,7;ahead;1500
R 764;Karlstejn_kolej_A;Beroun_kolej_A;15:07:00;0,8;ahead;9000
N 31 54 597 5 004;Beroun_kolej_B;Karlstejn_kolej_B;15:08:00;0,7;reverse;3100
Os 8845;Lhota_kolej_C;Beroun_kolej_C;15:09:00;0,7;ahead;8200
N 31 54 597 5 004;Karlstejn_kolej_B;Beroun_kolej_B;15:10:00;0,8;ahead;8000
R 764;Beroun_kolej_A;Karlstejn_kolej_A;15:11:00;0,7;ahead;3000
Os 8845;Beroun_kolej_C;Lhota_kolej_C;15:12:00;0,7;ahead;1500
R 764;Karlstejn_kolej_A;Beroun_kolej_A;15:13:00;0,8;ahead;9000
N 31 54 597 5 004;Beroun_kolej_B;Karlstejn_kolej_B;15:14:00;0,7;reverse;3100
Os 8845;Lhota_kolej_C;Beroun_kolej_C;15:15:00;0,7;ahead;8200
N 31 54 597 5 004;Karlstejn_kolej_B;Beroun_kolej_B;15:16:00;0,8;ahead;8000
R 764;Beroun_kolej_A;Karlstejn_kolej_A;15:17:00;0,7;ahead;3000
Os 8845;Beroun_kolej_C;Lhota_kolej_C;15:18:00;0,7;ahead;1500
R 764;Karlstejn_kolej_A;Beroun_kolej_A;15:19:00;0,8;ahead;9000
N 31 54 597 5 004;Beroun_kolej_B;Karlstejn_kolej_B;15:20:00;0,7;reverse;3100
Os 8845;Lhota_kolej_C;Beroun_kolej_C;15:21:00;0,7;ahead;8200
N 31 54 597 5 004;Karlstejn_kolej_B;Beroun_kolej_B;15:22:00;0,8;ahead;8000
R 764;Beroun_kolej_A;Karlstejn_kolej_A;15:23:00;0,7;ahead;3000
Os 8845;Beroun_kolej_C;Lhota_kolej_C;15:24:00;0,7;ahead;1500
R 764;Karlstejn_kolej_A;Beroun_kolej_A;15:25:00;0,8;ahead;9000
N 31 54 597 5 004;Beroun_kolej_B;Karlstejn_kolej_B;15:26:00;0,7;reverse;3100
Os 8845;Lhota_kolej_C;Beroun_kolej_C;15:27:00;0,7;ahead;8200
N 31 54 597 5 004;Karlstejn_kolej_B;Beroun_kolej_B;15:28:00;0,8;ahead;8000
R 764;Beroun_kolej_A;Karlstejn_kolej_A;15:29:00;0,7;ahead;3000
Os 8845;Beroun_kolej_C;Lhota_kolej_C;15:30:00;0,7;ahead;1500
R 764;Karlstejn_kolej_A;Beroun_kolej_A;15:31:00;0,8;ahead;9000
N 31 54 597 5 004;Beroun_kolej_B;Karlstejn_kolej_B;15:32:00;0,7;reverse;3100
Os 8845;Lhota_kolej_C;Beroun_kolej_C;15:33:00;0,7;ahead;8200
N 31 54 597 5 004;Karlstejn_kolej_B;Beroun_kolej_B;15:34:00;0,8;ahead;8000
R 764;Beroun_kolej_A;Karlstejn_kolej_A;15:35:00;0,7;ahead;3000
Os 8845;Beroun_kolej_C;Lhota_kolej_C;15:36:00;0,7;ahead;1500
R 764;Karlstejn_kolej_A;Beroun_kolej_A;15:37:00;0,8;ahead;9000
N 31 54 597 5 004;Beroun_kolej_B;Karlstejn_kolej_B;15:38:00;0,7;reverse;3100
Os 8845;Lhota_kolej_C;Beroun_kolej_C;15:39:00;0,7;ahead;8200
N 31 54 597 5 004;Karlstejn_kolej_B;Beroun_kolej_B;15:40:00;0,8;ahead;8000
R 764;Beroun_kolej_A;Karlstejn_kolej_A;15:41:00;0,7;ahead;3000
Os 8845;Beroun_kolej_C;Lhota_kolej_C;15:42:00;0,7;ahead;1500
R 764;Karlstejn_kolej_A;Beroun_kolej_A;15:43:00;0,8;ahead;9000
N 31 54 597 5 004;Beroun_kolej_B;Karlstejn_kolej_B;15:44:00;0,7;reverse;3100
Os 8845;Lhota_kolej_C;Beroun_kolej_C;15:45:00;0,7;ahead;8200
N 31 54 597 5 004;Karlstejn_kolej_B;Beroun_kolej_B;15:46:00;0,8;ahead;8000
R 764;Beroun_kolej_A;Karlstejn_kolej_A;15:47:00;0,7;ahead;3000
Os 8845;Beroun_kolej_C;Lhota_kolej_C;15:48:00;0,7;ahead;1500
R 764;Karlstejn_kolej_A;Beroun_kolej_A;15:49:00;0,8;ahead;9000
N 31 54 597 5 004;Beroun_kolej_B;Karlstejn_kolej_B;15:50:00;0,7;reverse;3100
Os 8845;Lhota_kolej_C;Beroun_kolej_C;15:51:00;0,7;ahead;8200
N 31 54 597 5 004;Karlstejn_kolej_B;Beroun_kolej_B;15:52:00;0,8;ahead;8000
R 764;Beroun_kolej_A;Karlstejn_kolej_A;15:53:00;0,7;ahead;3000
Os 8845;Beroun_kolej_C;Lhota_kolej_C;15:54:00;0,7;ahead;1500
R 764;Karlstejn_kolej_A;Beroun_kolej_A;15:55:00;0,8;ahead;9000
N 31 54 597 5 004;Beroun_kolej_B;Karlstejn_kolej_B;15:56:00;0,7;reverse;3100
Os 8845;Lhota_kolej_C;Beroun_kolej_C;15:57:00;0,7;ahead;8200
N 31 54 597 5 004;Karlstejn_kolej_B;Beroun_kolej_B;15:58:00;0,8;ahead;8000
R 764;Beroun_kolej_A;Karlstejn_kolej_A;15:59:00;0,7;ahead;3000
Os 8845;Beroun_kolej_C;Lhota_kolej_C;16:00:00;0,7;ahead;1500
R 764;Karlstejn_kolej_A;Beroun_kolej_A;16:01:00;0,8;ahead;9000
N 31 54 597 5 004;Beroun_kolej_B;Karlstejn_kolej_B;16:02:00;0,7;reverse;3100
Os 8845;Lhota_kolej_C;Beroun_kolej_C;16:03:00;0,7;ahead;8200
N 31 54 597 5 004;Karlstejn_kolej_B;Beroun_kolej_B;16:04:00;0,8;ahead;8000
R 764;Beroun_kolej_A;Karlstejn_kolej_A;16:05:00;0,7;ahead;3000
Os 8845;Beroun_kolej_C;Lhota_kolej_C;16:06:00;0,7;ahead;1500
R 764;Karlstejn_kolej_A;Beroun_kolej_A;16:07:00;0,8;ahead;9000
N 31 54 597 5 004;Beroun_kolej_B;Karlstejn_kolej_B;16:08:00;0,7;reverse;3100
Os 8845;Lhota_kolej_C;Beroun_kolej_C;16:09:00;0,7;ahead;8200
N 31 54 597 5 004;Karlstejn_kolej_B;Beroun_kolej_B;16:10:00;0,8;ahead;8000
R 764;Beroun_kolej_A;Karlstejn_kolej_A;16:11:00;0,7;ahead;3000
Os 8845;Beroun_kolej_C;Lhota_kolej_C;16:12:00;0,7;ahead;1500
R 764;Karlstejn_kolej_A;Beroun_kolej_A;16:13:00;0,8;ahead;9000
N 31 54 597 5 004;Beroun_kolej_B;Karlstejn_kolej_B;16:14:00;0,7;reverse;3100
Os 8845;Lhota_kolej_C;Beroun_kolej_C;16:15:00;0,7;ahead;8200
N 31 54 597 5 004;Karlstejn_kolej_B;Beroun_kolej_B;16:16:00;0,8;ahead;8000
R 764;Beroun_kolej_A;Karlstejn_kolej_A;16:17:00;0,7;ahead;3000
Os 8845;Beroun_kolej_C;Lhota_kolej_C;16:18:00;0,7;ahead;1500
R 764;Karlstejn_kolej_A;Beroun_kolej_A;16:19:00;0,8;ahead;9000
N 31 54 597 5 004;Beroun_kolej_B;Karlstejn_kolej_B;16:20:00;0,7;reverse;3100
Os 8845;Lhota_kolej_C;Beroun_kolej_C;16:21:00;0,7;ahead;8200
N 31 54 597 5 004;Karlstejn_kolej_B;Beroun_kolej_B;16:22:00;0,8;ahead;8000
R 764;Beroun_kolej_A;Karlstejn_kolej_A;16:23:00;0,7;ahead;3000
Os 8845;Beroun_kolej_C;Lhota_kolej_C;16:24:00;0,7;ahead;1500
R 764;Karlstejn_kolej_A;Beroun_kolej_A;16:25:00;0,8;ahead;9000
N 31 54 597 5 004;Beroun_kolej_B;Karlstejn_kolej_B;16:26:00;0,7;reverse;3100
Os 8845;Lhota_kolej_C;Beroun_kolej_C;16:27:00;0,7;ahead;8200
N 31 54 597 5 004;Karlstejn_kolej_B;Beroun_kolej_B;16:28:00;0,8;ahead;8000
R 764;Beroun_kolej_A;Karlstejn_kolej_A;16:29:00;0,7;ahead;3000
Os 8845;Beroun_kolej_C;Lhota_kolej_C;16:30:00;0,7;ahead;1500
R 764;Karlstejn_kolej_A;Beroun_kolej_A;16:31:00;0,8;ahead;9000
N 31 54 597 5 004;Beroun_kolej_B;Karlstejn_kolej_B;16:32:00;0,7;reverse;3100
Os 8845;Lhota_kolej_C;Beroun_kolej_C;16:33:00;0,7;ahead;8200
N 31 54 597 5 004;Karlstejn_kolej_B;Beroun_kolej_B;16:34:00;0,8;ahead;8000
R 764;Beroun_kolej_A;Karlstejn_kolej_A;16:35:00;0,7;ahead;3000
Os 8845;Beroun_kolej_C;Lhota_kolej_C;16:36:00;0,7;ahead;1500
R 764;Karlstejn_kolej_A;Beroun_kolej_A;16:37:00;0,8;ahead;9000
N 31 54 597 5 004;Beroun_kolej_B;Karlstejn_kolej_B;16:38:00;0,7;reverse;3100
Os 8845;Lhota_kolej_C;Beroun_kolej_C;16:39:00;0,7;ahead;8200
N 31 54 597 5 004;Karlstejn_kolej_B;Beroun_kolej_B;16:40:00;0,8;ahead;8000
R 764;Beroun_kolej_A;Karlstejn_kolej_A;16:41:00;0,7;ahead;3000
Os 8845;Beroun_kolej_C;Lhota_kolej_C;16:42:00;0,7;ahead;1500
R 764;Karlstejn_kolej_A;Beroun_kolej_A;16:43:00;0,8;ahead;9000
N 31 54 597 5 004;Beroun_kolej_B;Karlstejn_kolej_B;16:44:00;0,7;reverse;3100
Os 8845;Lhota_kolej_C;Beroun_kolej_C;16:45:00;0,7;ahead;8200
N 31 54 597 5 004;Karlstejn_kolej_B;Beroun_kolej_B;16:46:00;0,8;ahead;8000
R 764;Beroun_kolej_A;Karlstejn_kolej_A;16:47:00;0,7;ahead;3000
Os 8845;Beroun_kolej_C;Lhota_kolej_C;16:48:00;0,7;ahead;1500
R 764;Karlstejn_kolej_A;Beroun_kolej_A;16:49:00;0,8;ahead;9000
N 31 54 597 5 004;Beroun_kolej_B;Karlstejn_kolej_B;16:50:00;0,7;reverse;3100
Os 8845;Lhota_kolej_C;Beroun_kolej_C;16:51:00;0,7;ahead;8200
N 31 54 597 5 004;Karlstejn_kolej_B;Beroun_kolej_B;16:52:00;0,8;ahead;8000
R 764;Beroun_kolej_A;Karlstejn_kolej_A;16:53:00;0,7;ahead;3000
Os 8845;Beroun_kolej_C;Lhota_kolej_C;16:54:00;0,7;ahead;1500
R 764;Karlstejn_kolej_A;Beroun_kolej_A;16:55:00;0,8;ahead;9000
N 31 54 597 5 004;Beroun_kolej_B;Karlstejn_kolej_B;16:56:00;0,7;reverse;3100
Os 8845;Lhota_kolej_C;Beroun_kolej_C;16:57:00;0,7;ahead;8200
N 31 54 597 5 004;Karlstejn_kolej_B;Beroun_kolej_B;16:58:00;0,8;ahead;8000
R 764;Beroun_kolej_A;Karlstejn_kolej_A;16:59:00;0,7;ahead;3000
Os 8845;Beroun_kolej_C;Lhota_kolej_C;17:00:00;0,7;ahead;1500
R 764;Karlstejn_kolej_A;Beroun_kolej_A;17:01:00;0,8;ahead;9000
N 31 54 597 5 004;Beroun_kolej_B;Karlstejn_kolej_B;17:02:00;0,7;reverse;3100
Os 8845;Lhota_kolej_C;Beroun_kolej_C;17:03:00;0,7;ahead;8200
N 31 54 597 5 004;Karlstejn_kolej_B;Beroun_kolej_B;17:04:00;0,8;ahead;8000
R 764;Beroun_kolej_A;Karlstejn_kolej_A;17:05:00;0,7;ahead;3000
Os 8845;Beroun_kolej_C;Lhota_kolej_C;17:06:00;0,7;ahead;1500
R 764;Karlstejn_kolej_A;Beroun_kolej_A;17:07:00;0,8;ahead;9000
N 31 54 597 5 004;Beroun_kolej_B;Karlstejn_kolej_B;17:08:00;0,7;reverse;3100
Os 8845;Lhota_kolej_C;Beroun_kolej_C;17:09:00;0,7;ahead;8200
N 31 54 597 5 004;Karlstejn_kolej_B;Beroun_kolej_B;17:10:00;0,8;ahead;8000
R 764;Beroun_kolej_A;Karlstejn_kolej_A;17:11:00;0,7;ahead;3000
Os 8845;Beroun_kolej_C;Lhota_kolej_C;17:12:00;0,7;ahead;1500
R 764;Karlstejn_kolej_A;Beroun_kolej_A;17:13:00;0,8;ahead;9000
N 31 54 597 5 004;Beroun_kolej_B;Karlstejn_kolej_B;17:14:00;0,7;reverse;3100
Os 8845;Lhota_kolej_C;Beroun_kolej_C;17:15:00;0,7;ahead;8200
N 31 54 597 5 004;Karlstejn_kolej_B;Beroun_kolej_B;17:16:00;0,8;ahead;8000
R 764;Beroun_kolej_A;Karlstejn_kolej_A;17:17:00;0,7;ahead;3000
Os 8845;Beroun_kolej_C;Lhota_kolej_C;17:18:00;0,7;ahead;1500
R 764;Karlstejn_kolej_A;Beroun_kolej_A;17:19:00;0,8;ahead;9000
N 31 54 597 5 004;Beroun_kolej_B;Karlstejn_kolej_B;17:20:00;0,7;reverse;3100
Os 8845;Lhota_kolej_C;Beroun_kolej_C;17:21:00;0,7;ahead;8200
N 31 54 597 5 004;Karlstejn_kolej_B;Beroun_kolej_B;17:22:00;0,8;ahead;8000
R 764;Beroun_kolej_A;Karlstejn_kolej_A;17:23:00;0,7;ahead;3000
Os 8845;Beroun_kolej_C;Lhota_kolej_C;17:24:00;0,7;ahead;1500
R 764;Karlstejn_kolej_A;Beroun_kolej_A;17:25:00;0,8;ahead;9000
N 31 54 597 5 004;Beroun_kolej_B;Karlstejn_kolej_B;17:26:00;0,7;reverse;3100
Os 8845;Lhota_kolej_C;Beroun_kolej_C;17:27:00;0,7;ahead;8200
N 31 54 597 5 004;Karlstejn_kolej_B;Beroun_kolej_B;17:28:00;0,8;ahead;8000
R 764;Beroun_kolej_A;Karlstejn_kolej_A;17:29:00;0,7;ahead;3000
Os 8845;Beroun_kolej_C;Lhota_kolej_C;17:30:00;0,7;ahead;1500
R 764;Karlstejn_kolej_A;Beroun_kolej_A;17:31:00;0,8;ahead;9000
N 31 54 597 5 004;Beroun_kolej_B;Karlstejn_kolej_B;17:32:00;0,7;reverse;3100
Os 8845;Lhota_kolej_C;Beroun_kolej_C;17:33:00;0,7;ahead;8200
N 31 54 597 5 004;Karlstejn_kolej_B;Beroun_kolej_B;17:34:00;0,8;ahead;8000
R 764;Beroun_kolej_A;Karlstejn_kolej_A;17:35:00;0,7;ahead;3000
Os 8845;Beroun_kolej_C;Lhota_kolej_C;17:36:00;0,7;ahead;1500
R 764;Karlstejn_kolej_A;Beroun_kolej_A;17:37:00;0,8;ahead;9000
N 31 54 597 5 004;Beroun_kolej_B;Karlstejn_kolej_B;17:38:00;0,7;reverse;3100
Os 8845;Lhota_kolej_C;Beroun_kolej_C;17:39:00;0,7;ahead;8200
N 31 54 597 5 004;Karlstejn_kolej_B;Beroun_kolej_B;17:40:00;0,8;ahead;8000
R 764;Beroun_kolej_A;Karlstejn_kolej_A;17:41:00;0,7;ahead;3000
Os 8845;Beroun_kolej_C;Lhota_kolej_C;17:42:00;0,7;ahead;1500
R 764;Karlstejn_kolej_A;Beroun_kolej_A;17:43:00;0,8;ahead;9000
N 31 54 597 5 004;Beroun_kolej_B;Karlstejn_kolej_B;17:44:00;0,7;reverse;3100
Os 8845;Lhota_kolej_C;Beroun_kolej_C;17:45:00;0,7;ahead;8200
N 31 54 597 5 004;Karlstejn_kolej_B;Beroun_kolej_B;17:46:00;0,8;ahead;8000
R 764;Beroun_kolej_A;Karlstejn_kolej_A;17:47:00;0,7;ahead;3000
Os 8845;Beroun_kolej_C;Lhota_kolej_C;17:48:00;0,7;ahead;1500
R 764;Karlstejn_kolej_A;Beroun_kolej_A;17:49:00;0,8;ahead;9000
N 31 54 597 5 004;Beroun_kolej_B;Karlstejn_kolej_B;17:50:00;0,7;reverse;3100
Os 8845;Lhota_kolej_C;Beroun_kolej_C;17:51:00;0,7;ahead;8200
N 31 54 597 5 004;Karlstejn_kolej_B;Beroun_kolej_B;17:52:00;0,8;ahead;8000
R 764;Beroun_kolej_A;Karlstejn_kolej_A;17:53:00;0,7;ahead;3000
Os 8845;Beroun_kolej_C;Lhota_kolej_C;17:54:00;0,7;ahead;1500
R 764;Karlstejn_kolej_A;Beroun_kolej_A;17:55:00;0,8;ahead;9000
N 31 54 597 5 004;Beroun_kolej_B;Karlstejn_kolej_B;17:56:00;0,7;reverse;3100
Os 8845;Lhota_kolej_C;Beroun_kolej_C;17:57:00;0,7;ahead;8200
N 31 54 597 5 004;Karlstejn_kolej_B;Beroun_kolej_B;17:58:00;0,8;ahead;8000
R 764;Beroun_kolej_A;Karlstejn_kolej_A;17:59:00;0,7;ahead;3000
Os 8845;Beroun_kolej_C;Lhota_kolej_C;18:00:00;0,7;ahead;1500
R 764;Karlstejn_kolej_A;Beroun_kolej_A;18:01:00;0,8;ahead;9000
N 31 54 597 5 004;Beroun_kolej_B;Karlstejn_kolej_B;18:02:00;0,7;reverse;3100
Os 8845;Lhota_kolej_C;Beroun_kolej_C;18:03:00;0,7;ahead;8200
N 31 54 597 5 004;Karlstejn_kolej_B;Beroun_kolej_B;18:04:00;0,8;ahead;8000
R 764;Beroun_kolej_A;Karlstejn_kolej_A;18:05:00;0,7;ahead;3000
Os 8845;Beroun_kolej_C;Lhota_kolej_C;18:06:00;0,7;ahead;1500
R 764;Karlstejn_kolej_A;Beroun_kolej_A;18:07:00;0,8;ahead;9000
N 31 54 597 5 004;Beroun_kolej_B;Karlstejn_kolej_B;18:08:00;0,7;reverse;3100
Os 8845;Lhota_kolej_C;Beroun_kolej_C;18:09:00;0,7;ahead;8200
N 31 54 597 5 004;Karlstejn_kolej_B;Beroun_kolej_B;18:10:00;0,8;ahead;8000
R 764;Beroun_kolej_A;Karlstejn_kolej_A;18:11:00;0,7;ahead;3000
Os 8845;Beroun_kolej_C;Lhota_kolej_C;18:12:00;0,7;ahead;1500
R 764;Karlstejn_kolej_A;Beroun_kolej_A;18:13:00;0,8;ahead;9000
N 31 54 597 5 004;Beroun_kolej_B;Karlstejn_kolej_B;18:14:00;0,7;reverse;3100
Os 8845;Lhota_kolej_C;Beroun_kolej_C;18:15:00;0,7;ahead;8200
N 31 54 597 5 004;Karlstejn_kolej_B;Beroun_kolej_B;18:16:00;0,8;ahead;8000
R 764;Beroun_kolej_A;Karlstejn_kolej_A;18:17:00;0,7;ahead;3000
Os 8845;Beroun_kolej_C;Lhota_kolej_C;18:18:00;0,7;ahead;1500
R 764;Karlstejn_kolej_A;Beroun_kolej_A;18:19:00;0,8;ahead;9000
N 31 54 597 5 004;Beroun_kolej_B;Karlstejn_kolej_B;18:20:00;0,7;reverse;3100
Os 8845;Lhota_kolej_C;Beroun_kolej_C;18:21:00;0,7;ahead;8200
N 31 54 597 5 004;Karlstejn_kolej_B;Beroun_kolej_B;18:22:00;0,8;ahead;8000
R 764;Beroun_kolej_A;Karlstejn_kolej_A;18:23:00;0,7;ahead;3000
Os 8845;Beroun_kolej_C;Lhota_kolej_C;18:24:00;0,7;ahead;1500
R 764;Karlstejn_kolej_A;Beroun_kolej_A;18:25:00;0,8;ahead;9000
N 31 54 597 5 004;Beroun_kolej_B;Karlstejn_kolej_B;18:26:00;0,7;reverse;3100
Os 8845;Lhota_kolej_C;Beroun_kolej_C;18:27:00;0,7;ahead;8200
N 31 54 597 5 004;Karlstejn_kolej_B;Beroun_kolej_B;18:28:00;0,8;ahead;8000
R 764;Beroun_kolej_A;Karlstejn_kolej_A;18:29:00;0,7;ahead;3000
Os 8845;Beroun_kolej_C;Lhota_kolej_C;18:30:00;0,7;ahead;1500
R 764;Karlstejn_kolej_A;Beroun_kolej_A;18:31:00;0,8;ahead;9000
N 31 54 597 5 004;Beroun_kolej_B;Karlstejn_kolej_B;18:32:00;0,7;reverse;3100
Os 8845;Lhota_kolej_C;Beroun_kolej_C;18:33:00;0,7;ahead;8200
N 31 54 597 5 004;Karlstejn_kolej_B;Beroun_kolej_B;18:34:00;0,8;ahead;8000
R 764;Beroun_kolej_A;Karlstejn_kolej_A;18:35:00;0,7;ahead;3000
Os 8845;Beroun_kolej_C;Lhota_kolej_C;18:36:00;0,7;ahead;1500
R 764;Karlstejn_kolej_A;Beroun_kolej_A;18:37:00;0,8;ahead;9000
N 31 54 597 5 004;Beroun_kolej_B;Karlstejn_kolej_B;18:38:00;0,7;reverse;3100
Os 8845;Lhota_kolej_C;Beroun_kolej_C;18:39:00;0,7;ahead;8200
N 31 54 597 5 004;Karlstejn_kolej_B;Beroun_kolej_B;18:40:00;0,8;ahead;8000
R 764;Beroun_kolej_A;Karlstejn_kolej_A;18:41:00;0,7;ahead;3000
Os 8845;Beroun_kolej_C;Lhota_kolej_C;18:42:00;0,7;ahead;1500
R 764;Karlstejn_kolej_A;Beroun_kolej_A;18:43:00;0,8;ahead;9000
N 31 54 597 5 004;Beroun_kolej_B;Karlstejn_kolej_B;18:44:00;0,7;reverse;3100
Os 8845;Lhota_kolej_C;Beroun_kolej_C;18:45:00;0,7;ahead;8200
N 31 54 597 5 004;Karlstejn_kolej_B;Beroun_kolej_B;18:46:00;0,8;ahead;8000
R 764;Beroun_kolej_A;Karlstejn_kolej_A;18:47:00;0,7;ahead;3000
Os 8845;Beroun_kolej_C;Lhota_kolej_C;18:48:00;0,7;ahead;1500
R 764;Karlstejn_kolej_A;Beroun_kolej_A;18:49:00;0,8;ahead;9000
N 31 54 597 5 004;Beroun_kolej_B;Karlstejn_kolej_B;18:50:00;0,7;reverse;3100
Os 8845;Lhota_kolej_C;Beroun_kolej_C;18:51:00;0,7;ahead;8200
N 31 54 597 5 004;Karlstejn_kolej_B;Beroun_kolej_B;18:52:00;0,8;ahead;8000
R 764;Beroun_kolej_A;Karlstejn_kolej_A;18:53:00;0,7;ahead;3000
Os 8845;Beroun_kolej_C;Lhota_kolej_C;18:54:00;0,7;ahead;1500
R 764;Karlstejn_kolej_A;Beroun_kolej_A;18:55:00;0,8;ahead;9000
N 31 54 597 5 004;Beroun_kolej_B;Karlstejn_kolej_B;18:56:00;0,7;reverse;3100
Os 8845;Lhota_kolej_C;Beroun_kolej_C;18:57:00;0,7;ahead;8200
N 31 54 597 5 004;Karlstejn_kolej_B;Beroun_kolej_B;18:58:00;0,8;ahead;8000
R 764;Beroun_kolej_A;Karlstejn_kolej_A;18:59:00;0,7;ahead;3000
Os 8845;Beroun_kolej_C;Lhota_kolej_C;19:00:00;0,7;ahead;1500
R 764;Karlstejn_kolej_A;Beroun_kolej_A;19:01:00;0,8;ahead;9000
N 31 54 597 5 004;Beroun_kolej_B;Karlstejn_kolej_B;19:02:00;0,7;reverse;3100
Os 8845;Lhota_kolej_C;Beroun_kolej_C;19:03:00;0,7;ahead;8200
N 31 54 597 5 004;Karlstejn_kolej_B;Beroun_kolej_B;19:04:00;0,8;ahead;8000
R 764;Beroun_kolej_A;Karlstejn_kolej_A;19:05:00;0,7;ahead;3000
Os 8845;Beroun_kolej_C;Lhota_kolej_C;19:06:00;0,7;ahead;1500
R 764;Karlstejn_kolej_A;Beroun_kolej_A;19:07:00;0,8;ahead;9000
N 31 54 597 5 004;Beroun_kolej_B;Karlstejn_kolej_B;19:08:00;0,7;reverse;3100
Os 8845;Lhota_kolej_C;Beroun_kolej_C;19:09:00;0,7;ahead;8200
N 31 54 597 5 004;Karlstejn_kolej_B;Beroun_kolej_B;19:10:00;0,8;ahead;8000
R 764;Beroun_kolej_A;Karlstejn_kolej_A;19:11:00;0,7;ahead;3000
Os 8845;Beroun_kolej_C;Lhota_kolej_C;19:12:00;0,7;ahead;1500
R 764;Karlstejn_kolej_A;Beroun_kolej_A;19:13:00;0,8;ahead;9000
N 31 54 597 5 004;Beroun_kolej_B;Karlstejn_kolej_B;19:14:00;0,7;reverse;3100
Os 8845;Lhota_kolej_C;Beroun_kolej_C;19:15:00;0,7;ahead;8200
N 31 54 597 5 004;Karlstejn_kolej_B;Beroun_kolej_B;19:16:00;0,8;ahead;8000
R 764;Beroun_kolej_A;Karlstejn_kolej_A;19:17:00;0,7;ahead;3000
Os 8845;Beroun_kolej_C;Lhota_kolej_C;19:18:00;0,7;ahead;1500
R 764;Karlstejn_kolej_A;Beroun_kolej_A;19:19:00;0,8;ahead;9000
N 31 54 597 5 004;Beroun_kolej_B;Karlstejn_kolej_B;19:20:00;0,7;reverse;3100
Os 8845;Lhota_kolej_C;Beroun_kolej_C;19:21:00;0,7;ahead;8200
N 31 54 597 5 004;Karlstejn_kolej_B;Beroun_kolej_B;19:22:00;0,8;ahead;8000
R 764;Beroun_kolej_A;Karlstejn_kolej_A;19:23:00;0,7;ahead;3000
Os 8845;Beroun_kolej_C;Lhota_kolej_C;19:24:00;0,7;ahead;1500
R 764;Karlstejn_kolej_A;Beroun_kolej_A;19:25:00;0,8;ahead;9000
N 31 54 597 5 004;Beroun_kolej_B;Karlstejn_kolej_B;19:26:00;0,7;reverse;3100
Os 8845;Lhota_kolej_C;Beroun_kolej_C;19:27:00;0,7;ahead;8200
N 31 54 597 5 004;Karlstejn_kolej_B;Beroun_kolej_B;19:28:00;0,8;ahead;8000
R 764;Beroun_kolej_A;Karlstejn_kolej_A;19:29:00;0,7;ahead;3000
Os 8845;Beroun_kolej_C;Lhota_kolej_C;19:30:00;0,7;ahead;1500
R 764;Karlstejn_kolej_A;Beroun_kolej_A;19:31:00;0,8;ahead;9000
N 31 54 597 5 004;Beroun_kolej_B;Karlstejn_kolej_B;19:32:00;0,7;reverse;3100
Os 8845;Lhota_kolej_C;Beroun_kolej_C;19:33:00;0,7;ahead;8200
N 31 54 597 5 004;Karlstejn_kolej_B;Beroun_kolej_B;19:34:00;0,8;ahead;8000
R 764;Beroun_kolej_A;Karlstejn_kolej_A;19:35:00;0,7;ahead;3000
Os 8845;Beroun_kolej_C;Lhota_kolej_C;19:36:00;0,7;ahead;1500
R 764;Karlstejn_kolej_A;Beroun_kolej_A;19:37:00;0,8;ahead;9000
N 31 54 597 5 004;Beroun_kolej_B;Karlstejn_kolej_B;19:38:00;0,7;reverse;3100
Os 8845;Lhota_kolej_C;Beroun_kolej_C;19:39:00;0,7;ahead;8200
N 31 54 597 5 004;Karlstejn_kolej_B;Beroun_kolej_B;19:40:00;0,8;ahead;8000
R 764;Beroun_kolej_A;Karlstejn_kolej_A;19:41:00;0,7;ahead;3000
Os 8845;Beroun_kolej_C;Lhota_kolej_C;19:42:00;0,7;ahead;1500
R 764;Karlstejn_kolej_A;Beroun_kolej_A;19:43:00;0,8;ahead;9000
N 31 54 597 5 004;Beroun_kolej_B;Karlstejn_kolej_B;19:44:00;0,7;reverse;3100
Os 8845;Lhota_kolej_C;Beroun_kolej_C;19:45:00;0,7;ahead;8200
N 31 54 597 5 004;Karlstejn_kolej_B;Beroun_kolej_B;19:46:00;0,8;ahead;8000
R 764;Beroun_kolej_A;Karlstejn_kolej_A;19:47:00;0,7;ahead;3000
Os 8845;Beroun_kolej_C;Lhota_kolej_C;19:48:00;0,7;ahead;1500
R 764;Karlstejn_kolej_A;Beroun_kolej_A;19:49:00;0,8;ahead;9000
N 31 54 597 5 004;Beroun_kolej_B;Karlstejn_kolej_B;19:50:00;0,7;reverse;3100
Os 8845;Lhota_kolej_C;Beroun_kolej_C;19:51:00;0,7;ahead;8200
N 31 54 597 5 004;Karlstejn_kolej_B;Beroun_kolej_B;19:52:00;0,8;ahead;8000
R 764;Beroun_kolej_A;Karlstejn_kolej_A;19:53:00;0,7;ahead;3000
Os 8845;Beroun_kolej_C;Lhota_kolej_C;19:54:00;0,7;ahead;1500
R 764;Karlstejn_kolej_A;Beroun_kolej_A;19:55:00;0,8;ahead;9000
N 31 54 597 5 004;Beroun_kolej_B;Karlstejn_kolej_B;19:56:00;0,7;reverse;3100
Os 8845;Lhota_kolej_C;Beroun_kolej_C;19:57:00;0,7;ahead;8200
N 31 54 597 5 004;Karlstejn_kolej_B;Beroun_kolej_B;19:58:00;0,8;ahead;8000
R 764;Beroun_kolej_A;Karlstejn_kolej_A;19:59:00;0,7;ahead;3000
Os 8845;Beroun_kolej_C;Lhota_kolej_C;20:00:00;0,7;ahead;1500
R 764;Karlstejn_kolej_A;Beroun_kolej_A;20:01:00;0,8;ahead;9000
N 31 54 597 5 004;Beroun_kolej_B;Karlstejn_kolej_B;20:02:00;0,7;reverse;3100
Os 8845;Lhota_kolej_C;Beroun_kolej_C;20:03:00;0,7;ahead;8200
N 31 54 597 5 004;Karlstejn_kolej_B;Beroun_kolej_B;20:04:00;0,8;ahead;8000
R 764;Beroun_kolej_A;Karlstejn_kolej_A;20:05:00;0,7;ahead;3000
Os 8845;Beroun_kolej_C;Lhota_kolej_C;20:06:00;0,7;ahead;1500
R 764;Karlstejn_kolej_A;Beroun_kolej_A;20:07:00;0,8;ahead;9000
N 31 54 597 5 004;Beroun_kolej_B;Karlstejn_kolej_B;20:08:00;0,7;reverse;3100
Os 8845;Lhota_kolej_C;Beroun_kolej_C;20:09:00;0,7;ahead;8200
N 31 54 597 5 004;Karlstejn_kolej_B;Beroun_kolej_B;20:10:00;0,8;ahead;8000
R 764;Beroun_kolej_A;Karlstejn_kolej_A;20:11:00;0,7;ahead;3000
Os 8845;Beroun_kolej_C;Lhota_kolej_C;20:12:00;0,7;ahead;1500
R 764;Karlstejn_kolej_A;Beroun_kolej_A;20:13:00;0,8;ahead;9000
N 31 54 597 5 004;Beroun_kolej_B;Karlstejn_kolej_B;20:14:00;0,7;reverse;3100
Os 8845;Lhota_kolej_C;Beroun_kolej_C;20:15:00;0,7;ahead;8200
N 31 54 597 5 004;Karlstejn_kolej_B;Beroun_kolej_B;20:16:00;0,8;ahead;8000
R 764;Beroun_kolej_A;Karlstejn_kolej_A;20:17:00;0,7;ahead;3000
Os 8845;Beroun_kolej_C;Lhota_kolej_C;20:18:00;0,7;ahead;1500
R 764;Karlstejn_kolej_A;Beroun_kolej_A;20:19:00;0,8;ahead;9000
N 31 54 597 5 004;Beroun_kolej_B;Karlstejn_kolej_B;20:20:00;0,7;reverse;3100
Os 8845;Lhota_kolej_C;Beroun_kolej_C;20:21:00;0,7;ahead;8200
N 31 54 597 5 004;Karlstejn_kolej_B;Beroun_kolej_B;20:22:00;0,8;ahead;8000
R 764;Beroun_kolej_A;Karlstejn_kolej_A;20:23:00;0,7;ahead;3000
Os 8845;Beroun_kolej_C;Lhota_kolej_C;20:24:00;0,7;ahead;1500
R 764;Karlstejn_kolej_A;Beroun_kolej_A;20:25:00;0,8;ahead;9000
N 31 54 597 5 004;Beroun_kolej_B;Karlstejn_kolej_B;20:26:00;0,7;reverse;3100
Os 8845;Lhota_kolej_C;Beroun_kolej_C;20:27:00;0,7;ahead;8200
N 31 54 597 5 004;Karlstejn_kolej_B;Beroun_kolej_B;20:28:00;0,8;ahead;8000
R 764;Beroun_kolej_A;Karlstejn_kolej_A;20:29:00;0,7;ahead;3000
Os 8845;Beroun_kolej_C;Lhota_kolej_C;20:30:00;0,7;ahead;1500
R 764;Karlstejn_kolej_A;Beroun_kolej_A;20:31:00;0,8;ahead;9000
N 31 54 597 5 004;Beroun_kolej_B;Karlstejn_kolej_B;20:32:00;0,7;reverse;3100
Os 8845;Lhota_kolej_C;Beroun_kolej_C;20:33:00;0,7;ahead;8200
N 31 54 597 5 004;Karlstejn_kolej_B;Beroun_kolej_B;20:34:00;0,8;ahead;8000
R 764;Beroun_kolej_A;Karlstejn_kolej_A;20:35:00;0,7;ahead;3000
Os 8845;Beroun_kolej_C;Lhota_kolej_C;20:36:00;0,7;ahead;1500
R 764;Karlstejn_kolej_A;Beroun_kolej_A;20:37:00;0,8;ahead;9000
N 31 54 597 5 004;Beroun_kolej_B;Karlstejn_kolej_B;20:38:00;0,7;reverse;3100
Os 8845;Lhota_kolej_C;Beroun_kolej_C;20:39:00;0,7;ahead;8200
N 31 54 597 5 004;Karlstejn_kolej_B;Beroun_kolej_B;20:40:00;0,8;ahead;8000
R 764;Beroun_kolej_A;Karlstejn_kolej_A;20:41:00;0,7;ahead;3000
Os 8845;Beroun_kolej_C;Lhota_kolej_C;20:42:00;0,7;ahead;1500
R 764;Karlstejn_kolej_A;Beroun_kolej_A;20:43:00;0,8;ahead;9000
N 31 54 597 5 004;Beroun_kolej_B;Karlstejn_kolej_B;20:44:00;0,7;reverse;3100
Os 8845;Lhota_kolej_C;Beroun_kolej_C;20:45:00;0,7;ahead;8200
N 31 54 597 5 004;Karlstejn_kolej_B;Beroun_kolej_B;20:46:00;0,8;ahead;8000
R 764;Beroun_kolej_A;Karlstejn_kolej_A;20:47:00;0,7;ahead;3000
Os 8845;Beroun_kolej_C;Lhota_kolej_C;20:48:00;0,7;ahead;1500
R 764;Karlstejn_kolej_A;Beroun_kolej_A;20:49:00;0,8;ahead;9000
N 31 54 597 5 004;Beroun_kolej_B;Karlstejn_kolej_B;20:50:00;0,7;reverse;3100
Os 8845;Lhota_kolej_C;Beroun_kolej_C;20:51:00;0,7;ahead;8200
N 31 54 597 5 004;Karlstejn_kolej_B;Beroun_kolej_B;20:52:00;0,8;ahead;8000
R 764;Beroun_kolej_A;Karlstejn_kolej_A;20:53:00;0,7;ahead;3000
Os 8845;Beroun_kolej_C;Lhota_kolej_C;20:54:00;0,7;ahead;1500
R 764;Karlstejn_kolej_A;Beroun_kolej_A;20:55:00;0,8;ahead;9000
N 31 54 597 5 004;Beroun_kolej_B;Karlstejn_kolej_B;20:56:00;0,7;reverse;3100
Os 8845;Lhota_kolej_C;Beroun_kolej_C;20:57:00;0,7;ahead;8200
N 31 54 597 5 004;Karlstejn_kolej_B;Beroun_kolej_B;20:58:00;0,8;ahead;8000
R 764;Beroun_kolej_A;Karlstejn_kolej_A;20:59:00;0,7;ahead;3000
Os 8845;Beroun_kolej_C;Lhota_kolej_C;21:00:00;0,7;ahead;1500
R 764;Karlstejn_kolej_A;Beroun_kolej_A;21:01:00;0,8;ahead;9000
N 31 54 597 5 004;Beroun_kolej_B;Karlstejn_kolej_B;21:02:00;0,7;reverse;3100
Os 8845;Lhota_kolej_C;Beroun_kolej_C;21:03:00;0,7;ahead;8200
N 31 54 597 5 004;Karlstejn_kolej_B;Beroun_kolej_B;21:04:00;0,8;ahead;8000
R 764;Beroun_kolej_A;Karlstejn_kolej_A;21:05:00;0,7;ahead;3000
Os 8845;Beroun_kolej_C;Lhota_kolej_C;21:06:00;0,7;ahead;1500
R 764;Karlstejn_kolej_A;Beroun_kolej_A;21:07:00;0,8;ahead;9000
N 31 54 597 5 004;Beroun_kolej_B;Karlstejn_kolej_B;21:08:00;0,7;reverse;3100
Os 8845;Lhota_kolej_C;Beroun_kolej_C;21:09:00;0,7;ahead;8200
N 31 54 597 5 004;Karlstejn_kolej_B;Beroun_kolej_B;21:10:00;0,8;ahead;8000
R 764;Beroun_kolej_A;Karlstejn_kolej_A;21:11:00;0,7;ahead;3000
Os 8845;Beroun_kolej_C;Lhota_kolej_C;21:12:00;0,7;ahead;1500
R 764;Karlstejn_kolej_A;Beroun_kolej_A;21:13:00;0,8;ahead;9000
N 31 54 597 5 004;Beroun_kolej_B;Karlstejn_kolej_B;21:14:00;0,7;reverse;3100
Os 8845;Lhota_kolej_C;Beroun_kolej_C;21:15:00;0,7;ahead;8200
N 31 54 597 5 004;Karlstejn_kolej_B;Beroun_kolej_B;21:16:00;0,8;ahead;8000
R 764;Beroun_kolej_A;Karlstejn_kolej_A;21:17:00;0,7;ahead;3000
Os 8845;Beroun_kolej_C;Lhota_kolej_C;21:18:00;0,7;ahead;1500
R 764;Karlstejn_kolej_A;Beroun_kolej_A;21:19:00;0,8;ahead;9000
N 31 54 597 5 004;Beroun_kolej_B;Karlstejn_kolej_B;21:20:00;0,7;reverse;3100
Os 8845;Lhota_kolej_C;Beroun_kolej_C;21:21:00;0,7;ahead;8200
N 31 54 597 5 004;Karlstejn_kolej_B;Beroun_kolej_B;21:22:00;0,8;ahead;8000
R 764;Beroun_kolej_A;Karlstejn_kolej_A;21:23:00;0,7;ahead;3000
Os 8845;Beroun_kolej_C;Lhota_kolej_C;21:24:00;0,7;ahead;1500
R 764;Karlstejn_kolej_A;Beroun_kolej_A;21:25:00;0,8;ahead;9000
N 31 54 597 5 004;Beroun_kolej_B;Karlstejn_kolej_B;21:26:00;0,7;reverse;3100
Os 8845;Lhota_kolej_C;Beroun_kolej_C;21:27:00;0,7;ahead;8200
N 31 54 597 5 004;Karlstejn_kolej_B;Beroun_kolej_B;21:28:00;0,8;ahead;8000
R 764;Beroun_kolej_A;Karlstejn_kolej_A;21:29:00;0,7;ahead;3000
Os 8845;Beroun_kolej_C;Lhota_kolej_C;21:30:00;0,7;ahead;1500
R 764;Karlstejn_kolej_A;Beroun_kolej_A;21:31:00;0,8;ahead;9000
N 31 54 597 5 004;Beroun_kolej_B;Karlstejn_kolej_B;21:32:00;0,7;reverse;3100
Os 8845;Lhota_kolej_C;Beroun_kolej_C;21:33:00;0,7;ahead;8200
N 31 54 597 5 004;Karlstejn_kolej_B;Beroun_kolej_B;21:34:00;0,8;ahead;8000
R 764;Beroun_kolej_A;Karlstejn_kolej_A;21:35:00;0,7;ahead;3000
Os 8845;Beroun_kolej_C;Lhota_kolej_C;21:36:00;0,7;ahead;1500
R 764;Karlstejn_kolej_A;Beroun_kolej_A;21:37:00;0,8;ahead;9000
N 31 54 597 5 004;Beroun_kolej_B;Karlstejn_kolej_B;21:38:00;0,7;reverse;3100
Os 8845;Lhota_kolej_C;Beroun_kolej_C;21:39:00;0,7;ahead;8200
N 31 54 597 5 004;Karlstejn_kolej_B;Beroun_kolej_B;21:40:00;0,8;ahead;8000
R 764;Beroun_kolej_A;Karlstejn_kolej_A;21:41:00;0,7;ahead;3000
Os 8845;Beroun_kolej_C;Lhota_kolej_C;21:42:00;0,7;ahead;1500
R 764;Karlstejn_kolej_A;Beroun_kolej_A;21:43:00;0,8;ahead;9000
N 31 54 597 5 004;Beroun_kolej_B;Karlstejn_kolej_B;21:44:00;0,7;reverse;3100
Os 8845;Lhota_kolej_C;Beroun_kolej_C;21:45:00;0,7;ahead;8200
N 31 54 597 5 004;Karlstejn_kolej_B;Beroun_kolej_B;21:46:00;0,8;ahead;8000
R 764;Beroun_kolej_A;Karlstejn_kolej_A;21:47:00;0,7;ahead;3000
Os 8845;Beroun_kolej_C;Lhota_kolej_C;21:48:00;0,7;ahead;1500
R 764;Karlstejn_kolej_A;Beroun_kolej_A;21:49:00;0,8;ahead;9000
N 31 54 597 5 004;Beroun_kolej_B;Karlstejn_kolej_B;21:50:00;0,7;reverse;3100
Os 8845;Lhota_kolej_C;Beroun_kolej_C;21:51:00;0,7;ahead;8200
N 31 54 597 5 004;Karlstejn_kolej_B;Beroun_kolej_B;21:52:00;0,8;ahead;8000
R 764;Beroun_kolej_A;Karlstejn_kolej_A;21:53:00;0,7;ahead;3000
Os 8845;Beroun_kolej_C;Lhota_kolej_C;21:54:00;0,7;ahead;1500
R 764;Karlstejn_kolej_A;Beroun_kolej_A;21:55:00;0,8;ahead;9000
N 31 54 597 5 004;Beroun_kolej_B;Karlstejn_kolej_B;21:56:00;0,7;reverse;3100
Os 8845;Lhota_kolej_C;Beroun_kolej_C;21:57:00;0,7;ahead;8200
N 31 54 597 5 004;Karlstejn_kolej_B;Beroun_kolej_B;21:58:00;0,8;ahead;8000
R 764;Beroun_kolej_A;Karlstejn_kolej_A;21:59:00;0,7;ahead;3000
Os 8845;Beroun_kolej_C;Lhota_kolej_C;22:00:00;0,7;ahead;1500
R 764;Karlstejn_kolej_A;Beroun_kolej_A;22:01:00;0,8;ahead;9000
N 31 54 597 5 004;Beroun_kolej_B;Karlstejn_kolej_B;22:02:00;0,7;reverse;3100
Os 8845;Lhota_kolej_C;Beroun_kolej_C;22:03:00;0,7;ahead;8200
N 31 54 597 5 004;Karlstejn_kolej_B;Beroun_kolej_B;22:04:00;0,8;ahead;8000
R 764;Beroun_kolej_A;Karlstejn_kolej_A;22:05:00;0,7;ahead;3000
Os 8845;Beroun_kolej_C;Lhota_kolej_C;22:06:00;0,7;ahead;1500
R 764;Karlstejn_kolej_A;Beroun_kolej_A;22:07:00;0,8;ahead;9000
N 31 54 597 5 004;Beroun_kolej_B;Karlstejn_kolej_B;22:08:00;0,7;reverse;3100
Os 8845;Lhota_kolej_C;Beroun_kolej_C;22:09:00;0,7;ahead;8200
N 31 54 597 5 004;Karlstejn_kolej_B;Beroun_kolej_B;22:10:00;0,8;ahead;8000
R 764;Beroun_kolej_A;Karlstejn_kolej_A;22:11:00;0,7;ahead;3000
Os 8845;Beroun_kolej_C;Lhota_kolej_C;22:12:00;0,7;ahead;1500
R 764;Karlstejn_kolej_A;Beroun_kolej_A;22:13:00;0,8;ahead;9000
N 31 54 597 5 004;Beroun_kolej_B;Karlstejn_kolej_B;22:14:00;0,7;reverse;3100
Os 8845;Lhota_kolej_C;Beroun_kolej_C;22:15:00;0,7;ahead;8200
N 31 54 597 5 004;Karlstejn_kolej_B;Beroun_kolej_B;22:16:00;0,8;ahead;8000
R 764;Beroun_kolej_A;Karlstejn_kolej_A;22:17:00;0,7;ahead;3000
Os 8845;Beroun_kolej_C;Lhota_kolej_C;22:18:00;0,7;ahead;1500
R 764;Karlstejn_kolej_A;Beroun_kolej_A;22:19:00;0,8;ahead;9000
N 31 54 597 5 004;Beroun_kolej_B;Karlstejn_kolej_B;22:20:00;0,7;reverse;3100
Os 8845;Lhota_kolej_C;Beroun_kolej_C;22:21:00;0,7;ahead;8200
N 31 54 597 5 004;Karlstejn_kolej_B;Beroun_kolej_B;22:22:00;0,8;ahead;8000
R 764;Beroun_kolej_A;Karlstejn_kolej_A;22:23:00;0,7;ahead;3000
Os 8845;Beroun_kolej_C;Lhota_kolej_C;22:24:00;0,7;ahead;1500
R 764;Karlstejn_kolej_A;Beroun_kolej_A;22:25:00;0,8;ahead;9000
N 31 54 597 5 004;Beroun_kolej_B;Karlstejn_kolej_B;22:26:00;0,7;reverse;3100
Os 8845;Lhota_kolej_C;Beroun_kolej_C;22:27:00;0,7;ahead;8200
N 31 54 597 5 004;Karlstejn_kolej_B;Beroun_kolej_B;22:28:00;0,8;ahead;8000
R 764;Beroun_kolej_A;Karlstejn_kolej_A;22:29:00;0,7;ahead;3000
Os 8845;Beroun_kolej_C;Lhota_kolej_C;22:30:00;0,7;ahead;1500
R 764;Karlstejn_kolej_A;Beroun_kolej_A;22:31:00;0,8;ahead;9000
N 31 54 597 5 004;Beroun_kolej_B;Karlstejn_kolej_B;22:32:00;0,7;reverse;3100
Os 8845;Lhota_kolej_C;Beroun_kolej_C;22:33:00;0,7;ahead;8200
N 31 54 597 5 004;Karlstejn_kolej_B;Beroun_kolej_B;22:34:00;0,8;ahead;8000
R 764;Beroun_kolej_A;Karlstejn_kolej_A;22:35:00;0,7;ahead;3000
Os 8845;Beroun_kolej_C;Lhota_kolej_C;22:36:00;0,7;ahead;1500
R 764;Karlstejn_kolej_A;Beroun_kolej_A;22:37:00;0,8;ahead;9000
N 31 54 597 5 004;Beroun_kolej_B;Karlstejn_kolej_B;22:38:00;0,7;reverse;3100
Os 8845;Lhota_kolej_C;Beroun_kolej_C;22:39:00;0,7;ahead;8200
N 31 54 597 5 004;Karlstejn_kolej_B;Beroun_kolej_B;22:40:00;0,8;ahead;8000
R 764;Beroun_kolej_A;Karlstejn_kolej_A;22:41:00;0,7;ahead;3000
Os 8845;Beroun_kolej_C;Lhota_kolej_C;22:42:00;0,7;ahead;1500
R 764;Karlstejn_kolej_A;Beroun_kolej_A;22:43:00;0,8;ahead;9000
N 31 54 597 5 004;Beroun_kolej_B;Karlstejn_kolej_B;22:44:00;0,7;reverse;3100
Os 8845;Lhota_kolej_C;Beroun_kolej_C;22:45:00;0,7;ahead;8200
N 31 54 597 5 004;Karlstejn_kolej_B;Beroun_kolej_B;22:46:00;0,8;ahead;8000
R 764;Beroun_kolej_A;Karlstejn_kolej_A;22:47:00;0,7;ahead;3000
Os 8845;Beroun_kolej_C;Lhota_kolej_C;22:48:00;0,7;ahead;1500
R 764;Karlstejn_kolej_A;Beroun_kolej_A;22:49:00;0,8;ahead;9000
N 31 54 597 5 004;Beroun_kolej_B;Karlstejn_kolej_B;22:50:00;0,7;reverse;3100
Os 8845;Lhota_kolej_C;Beroun_kolej_C;22:51:00;0,7;ahead;8200
N 31 54 597 5 004;Karlstejn_kolej_B;Beroun_kolej_B;22:52:00;0,8;ahead;8000
R 764;Beroun_kolej_A;Karlstejn_kolej_A;22:53:00;0,7;ahead;3000
Os 8845;Beroun_kolej_C;Lhota_kolej_C;22:54:00;0,7;ahead;1500
R 764;Karlstejn_kolej_A;Beroun_kolej_A;22:55:00;0,8;ahead;9000
N 31 54 597 5 004;Beroun_kolej_B;Karlstejn_kolej_B;22:56:00;0,7;reverse;3100
Os 8845;Lhota_kolej_C;Beroun_kolej_C;22:57:00;0,7;ahead;8200
N 31 54 597 5 004;Karlstejn_kolej_B;Beroun_kolej_B;22:58:00;0,8;ahead;8000
R 764;Beroun_kolej_A;Karlstejn_kolej_A;22:59:00;0,7;ahead;3000
Os 8845;Beroun_kolej_C;Lhota_kolej_C;23:00:00;0,7;ahead;1500
R 764;Karlstejn_kolej_A;Beroun_kolej_A;23:01:00;0,8;ahead;9000
N 31 54 597 5 004;Beroun_kolej_B;Karlstejn_kolej_B;23:02:00;0,7;reverse;3100
Os 8845;Lhota_kolej_C;Beroun_kolej_C;23:03:00;0,7;ahead;8200
N 31 54 597 5 004;Karlstejn_kolej_B;Beroun_kolej_B;23:04:00;0,8;ahead;8000
R 764;Beroun_kolej_A;Karlstejn_kolej_A;23:05:00;0,7;ahead;3000
Os 8845;Beroun_kolej_C;Lhota_kolej_C;23:06:00;0,7;ahead;1500
R 764;Karlstejn_kolej_A;Beroun_kolej_A;23:07:00;0,8;ahead;9000
N 31 54 597 5 004;Beroun_kolej_B;Karlstejn_kolej_B;23:08:00;0,7;reverse;3100
Os 8845;Lhota_kolej_C;Beroun_kolej_C;23:09:00;0,7;ahead;8200
N 31 54 597 5 004;Karlstejn_kolej_B;Beroun_kolej_B;23:10:00;0,8;ahead;8000
R 764;Beroun_kolej_A;Karlstejn_kolej_A;23:11:00;0,7;ahead;3000
Os 8845;Beroun_kolej_C;Lhota_kolej_C;23:12:00;0,7;ahead;1500
R 764;Karlstejn_kolej_A;Beroun_kolej_A;23:13:00;0,8;ahead;9000
N 31 54 597 5 004;Beroun_kolej_B;Karlstejn_kolej_B;23:14:00;0,7;reverse;3100
Os 8845;Lhota_kolej_C;Beroun_kolej_C;23:15:00;0,7;ahead;8200
N 31 54 597 5 004;Karlstejn_kolej_B;Beroun_kolej_B;23:16:00;0,8;ahead;8000
R 764;Beroun_kolej_A;Karlstejn_kolej_A;23:17:00;0,7;ahead;3000
Os 8845;Beroun_kolej_C;Lhota_kolej_C;23:18:00;0,7;ahead;1500
R 764;Karlstejn_kolej_A;Beroun_kolej_A;23:19:00;0,8;ahead;9000
N 31 54 597 5 004;Beroun_kolej_B;Karlstejn_kolej_B;23:20:00;0,7;reverse;3100
Os 8845;Lhota_kolej_C;Beroun_kolej_C;23:21:00;0,7;ahead;8200
N 31 54 597 5 004;Karlstejn_kolej_B;Beroun_kolej_B;23:22:00;0,8;ahead;8000
R 764;Beroun_kolej_A;Karlstejn_kolej_A;23:23:00;0,7;ahead;3000
Os 8845;Beroun_kolej_C;Lhota_kolej_C;23:24:00;0,7;ahead;1500
R 764;Karlstejn_kolej_A;Beroun_kolej_A;23:25:00;0,8;ahead;9000
N 31 54 597 5 004;Beroun_kolej_B;Karlstejn_kolej_B;23:26:00;0,7;reverse;3100
Os 8845;Lhota_kolej_C;Beroun_kolej_C;23:27:00;0,7;ahead;8200
N 31 54 597 5 004;Karlstejn_kolej_B;Beroun_kolej_B;23:28:00;0,8;ahead;8000
R 764;Beroun_kolej_A;Karlstejn_kolej_A;23:29:00;0,7;ahead;3000
Os 8845;Beroun_kolej_C;Lhota_kolej_C;23:30:00;0,7;ahead;1500
R 764;Karlstejn_kolej_A;Beroun_kolej_A;23:31:00;0,8;ahead;9000
N 31 54 597 5 004;Beroun_kolej_B;Karlstejn_kolej_B;23:32:00;0,7;reverse;3100
Os 8845;Lhota_kolej_C;Beroun_kolej_C;23:33:00;0,7;ahead;8200
N 31 54 597 5 004;Karlstejn_kolej_B;Beroun_kolej_B;23:34:00;0,8;ahead;8000
R 764;Beroun_kolej_A;Karlstejn_kolej_A;23:35:00;0,7;ahead;3000
Os 8845;Beroun_kolej_C;Lhota_kolej_C;23:36:00;0,7;ahead;1500
R 764;Karlstejn_kolej_A;Beroun_kolej_A;23:37:00;0,8;ahead;9000
N 31 54 597 5 004;Beroun_kolej_B;Karlstejn_kolej_B;23:38:00;0,7;reverse;3100
Os 8845;Lhota_kolej_C;Beroun_kolej_C;23:39:00;0,7;ahead;8200
N 31 54 597 5 004;Karlstejn_kolej_B;Beroun_kolej_B;23:40:00;0,8;ahead;8000
R 764;Beroun_kolej_A;Karlstejn_kolej_A;23:41:00;0,7;ahead;3000
Os 8845;Beroun_kolej_C;Lhota_kolej_C;23:42:00;0,7;ahead;1500
R 764;Karlstejn_kolej_A;Beroun_kolej_A;23:43:00;0,8;ahead;9000
N 31 54 597 5 004;Beroun_kolej_B;Karlstejn_kolej_B;23:44:00;0,7;reverse;3100
Os 8845;Lhota_kolej_C;Beroun_kolej_C;23:45:00;0,7;ahead;8200
N 31 54 597 5 004;Karlstejn_kolej_B;Beroun_kolej_B;23:46:00;0,8;ahead;8000
R 764;Beroun_kolej_A;Karlstejn_kolej_A;23:47:00;0,7;ahead;3000
Os 8845;Beroun_kolej_C;Lhota_kolej_C;23:48:00;0,7;ahead;1500
R 764;Karlstejn_kolej_A;Beroun_kolej_A;23:49:00;0,8;ahead;9000
N 31 54 597 5 004;Beroun_kolej_B;Karlstejn_kolej_B;23:50:00;0,7;reverse;3100
Os 8845;Lhota_kolej_C;Beroun_kolej_C;23:51:00;0,7;ahead;8200
N 31 54 597 5 004;Karlstejn_kolej_B;Beroun_kolej_B;23:52:00;0,8;ahead;8000
R 764;Beroun_kolej_A;Karlstejn_kolej_A;23:53:00;0,7;ahead;3000
Os 8845;Beroun_kolej_C;Lhota_kolej_C;23:54:00;0,7;ahead;1500
R 764;Karlstejn_kolej_A;Beroun_kolej_A;23:55:00;0,8;ahead;9000
N 31 54 597 5 004;Beroun_kolej_B;Karlstejn_kolej_B;23:56:00;0,7;reverse;3100
Os 8845;Lhota_kolej_C;Beroun_kolej_C;23:57:00;0,7;ahead;8200
N 31 54 597 5 004;Karlstejn_kolej_B;Beroun_kolej_B;23:58:00;0,8;ahead;8000
R 764;Beroun_kolej_A;Karlstejn_kolej_A;23:59:00;0,7;ahead;3000
